idAluno,IES,PRIMEIRA_PARCELA,NUM_DIAS_EM_ABERTO,NUM_PARCELAS_EM_ABERTO,VALOR_TOTAL_ABERTO,OBSERVACAO
39246,UniABCD,05/05/2023,18, ,"R$ 294,83", 16/05/2023 - último módulo cursado
36649,UniABCD,01/04/2023,52, ,"R$ 583,00", 24/06/2019 - último módulo cursado
11297,UniABCD,01/11/2022,203,11,"R$ 3.210,92",26/08/2022 - último módulo cursado
12206,UniABCD,01/12/2022,173,9,"R$ 2.669,16",01/11/2022 - ultimo módulo cursado
9791,UniABCD,01/11/2022,203,9,"R$ 2.641,72",nunca frequentou
7442,UniABCD,01/11/2022,203,9,"R$ 2.714,40",01/11/2022 - ultimo módulo cursado
11971,UniABCD,01/11/2022,203,8,"R$ 2.846,52",02/08/2022 - ultimo módulo cursado
7705,UniABCD,01/11/2022,203,7,"R$ 2.117,36",formado
8471,UniABCD,01/11/2022,203,7,"R$ 2.004,52",30/08/2022 - ultimo módulo cursado
10242,UniABCD,05/11/2022,199,7,"R$ 1.610,00",26/09/2022 - ultimo módulo cursado
8510,UniABCD,05/11/2022,199,7,"R$ 3.500,92",30/01/2023 - ultimo módulo cursado
7796,UniABCD,05/11/2022,199,7,"R$ 2.524,06",16/11/2022 - ultimo módulo cursado
9004,UniABCD,01/11/2022,203,7,"R$ 2.004,52",20/04/2023 - ultimo módulo cursado
10587,UniABCD,01/11/2022,203,7,"R$ 1.870,96",05/12/2022 - ultimo módulo cursado
9534,UniABCD,05/11/2022,199,7,"R$ 1.820,00",28/10/2022 - último módulo cursado
8077,UniABCD,05/11/2022,199,7,"R$ 2.062,06",27/04/2023 - ultimo módulo cursado
8483,UniABCD,05/11/2022,199,7,"R$ 2.711,03",01/11/2022 - ultimo módulo cursado
9724,UniABCD,01/11/2022,203,7,"R$ 2.591,68",04/07/2022 - ultimomodulo cursado - falta só estágio
9288,UniABCD,01/11/2022,203,7,"R$ 1.876,28",04/10/2022 - ultimo módulo cursado
8369,UniABCD,05/11/2022,199,7,"R$ 2.019,86",11/10/2022 - ultimo módulo cursado
8096,UniABCD,01/11/2022,203,7,"R$ 2.010,26",11/04/2023 - ultimo módulo cursado
10227,UniABCD,01/11/2022,203,7,"R$ 2.111,20",04/11/2022 - ultimo módulo cursado
7671,UniABCD,01/11/2022,203,7,"R$ 1.876,28",09/03/2023 - ultimo módulo cursado - falta só o estágio
7764,UniABCD,01/11/2022,203,7,"R$ 2.111,20",frequenta
9734,UniABCD,01/11/2022,203,7,"R$ 2.004,52",frequenta
9001,UniABCD,05/11/2022,199,7,"R$ 1.914,64",06/10/2022 - ultimo módulo cursado
8344,UniABCD,01/11/2022,203,7,"R$ 2.111,20",31/03/2023 - ultimo módulo cursado
8123,UniABCD,01/11/2022,203,7,"R$ 2.111,20",04/10/2022 - ultimo módulo cursado
10481,UniABCD,05/11/2022,199,7,"R$ 1.820,00",31/03/2023 - últomo módulo cursado
7854,UniABCD,05/11/2022,199,7,"R$ 1.914,64",02/03/2023 - ultimo módulo cursado
7994,UniABCD,05/11/2022,199,7,"R$ 2.062,06",06/10/2022 - ultimo módulo cursado
7850,UniABCD,05/11/2022,199,7,"R$ 1.959,51",16/11/2022 - ultimo módulo cursado - falta só o estágio
9119,UniABCD,01/11/2022,203,7,"R$ 1.911,91",nunca frequentou
8217,UniABCD,01/11/2022,203,7,"R$ 1.853,25",10/08/2022 - ultimo módulo cursado
9861,UniABCD,01/11/2022,203,7,"R$ 2.710,75",13/02/2023 - ultimo módulo cursado - falta só o estágio
9670,UniABCD,01/11/2022,203,7,"R$ 2.460,99",31/08/2022 - ultimo módulo cursado
8309,UniABCD,01/11/2022,203,7,"R$ 2.111,20",em conclusão
8430,UniABCD,05/11/2022,199,7,"R$ 1.813,66",frequenta
8846,UniABCD,01/11/2022,203,7,"R$ 1.876,28",11/05/2023 - ultimo módulo cursado - falta só o estágio
9890,UniABCD,01/11/2022,203,7,"R$ 1.870,96",13/06/2022 - ultimo módulo cursado - falta só o estágio
8304,UniABCD,01/11/2022,203,7,"R$ 2.111,20",29/09/2022 - ultimo módulo cursado
8609,UniABCD,01/11/2022,203,7,"R$ 2.111,20",em conclusão
9714,UniABCD,01/11/2022,203,7,"R$ 2.117,36",frequenta
10303,UniABCD,05/11/2022,199,7,"R$ 2.062,06",28/11/2022 - ultimo módulo cursado
8816,UniABCD,01/11/2022,203,7,"R$ 1.876,28",21/11/2022 - ultimo módulo cursado - 
7436,UniABCD,01/11/2022,203,7,"R$ 2.111,20",frequenta
10983,UniABCD,05/11/2022,199,7,"R$ 1.750,00",nunca frequentou
9129,UniABCD,05/11/2022,199,7,"R$ 1.518,00",18/10/2022 - ultimo módulo cursado
7627,UniABCD,01/11/2022,203,7,"R$ 2.111,20",03/08/2021 - ultimo módulo cursado - falta só o estágio
10289,UniABCD,01/11/2022,203,7,"R$ 2.111,20",frequenta
9341,UniABCD,01/11/2022,203,7,"R$ 2.111,20",10/11/2022 - ultimo módulo cursado
7667,UniABCD,05/11/2022,199,7,"R$ 1.861,51",30/09/2022 - últomo módulo cursado
10070,UniABCD,01/11/2022,203,7,"R$ 2.040,50",30/11/2022 - ultimo módulo cursado
16906,UniABCD,05/01/2023,138,7,"R$ 1.959,51",21/10/2022 - ultimo módulo cursado
8654,UniABCD,05/11/2022,199,7,"R$ 2.524,06",27/10/2022 - ultimo módulo cursado
9617,UniABCD,01/11/2022,203,7,"R$ 2.592,24",frequenta
7742,UniABCD,01/11/2022,203,7,"R$ 2.111,20",nunca frequentou
9072,UniABCD,01/11/2022,203,7,"R$ 2.111,20",07/02/2023 - ultimo módulo cursado
10543,UniABCD,01/11/2022,203,7,"R$ 2.940,91",frequenta
8681,UniABCD,01/11/2022,203,7,"R$ 1.870,96",27/10/2022 - ultimo módulo cursado - falta só o estágio
10208,UniABCD,01/11/2022,203,7,"R$ 2.128,91",26/09/2022 - ultimo módulo cursado
10199,UniABCD,01/11/2022,203,7,"R$ 2.004,52",frequenta
10232,UniABCD,01/11/2022,203,7,"R$ 2.792,65",11/05/2023 - ultimo módulo cursado - falta só o estágio
8894,UniABCD,01/11/2022,203,7,"R$ 2.940,91",frequenta
7417,UniABCD,01/11/2022,203,7,"R$ 2.111,20",em conclusão
9490,UniABCD,01/11/2022,203,7,"R$ 2.710,75",13/02/2023 - ultimo módulo cursado - falta só o estágio
8085,UniABCD,01/11/2022,203,7,"R$ 1.809,50",concluiu todas disciplinas
8114,UniABCD,05/11/2022,199,7,"R$ 1.876,80",30/01/2023 - ultimo módulo cursado
10186,UniABCD,01/11/2022,203,7,"R$ 2.010,26",27/10/2022 - ultimo módulo cursado
10573,UniABCD,01/11/2022,203,7,"R$ 2.111,20",12/07/2021 - ultimo módulo cursado - falta só o estágio
9882,UniABCD,01/11/2022,203,7,"R$ 2.004,52",nunca frequentou
10559,UniABCD,01/11/2022,203,7,"R$ 1.937,53",29/09/2022 - último módulo cursado
9052,UniABCD,01/11/2022,203,7,"R$ 2.004,52",29/08/2022 - solicitou retorno e não frequentou
9394,UniABCD,01/11/2022,203,7,"R$ 2.111,20",26/07/2022 - ultimo módulo cursado
8671,UniABCD,01/11/2022,203,7,"R$ 2.792,65",10/08/2022 - ultimo módulo cursado
9510,UniABCD,01/11/2022,203,7,"R$ 1.870,96",formado
10287,UniABCD,05/11/2022,199,7,"R$ 1.914,64",12/08/2022 - ultimo módulo cursado
8717,UniABCD,01/11/2022,203,7,"R$ 2.004,52",23/11/2022 - ultimo módulo cursado
10385,UniABCD,05/11/2022,199,7,"R$ 2.062,06",26/01/2023 - ultimo módulo cursado
8140,UniABCD,01/11/2022,203,7,"R$ 2.111,20",28/09/2022 - ultimo módulo cursado
9082,UniABCD,05/11/2022,199,7,"R$ 1.959,51",15/12/2022 - ultimo módulo cursado
9153,UniABCD,01/11/2022,203,7,"R$ 1.870,96",formado
7936,UniABCD,01/11/2022,203,7,"R$ 2.111,20",31/03/2023 - ultimo módulo cursado
8154,UniABCD,05/11/2022,199,7,"R$ 1.959,51",13/12/2022 - ultimo módulo cursado
7565,UniABCD,01/11/2022,203,7,"R$ 2.117,36",20/09/2022 - ultimo módulo cursado
9445,UniABCD,01/11/2022,203,7,"R$ 1.870,96",29/07/2022 - ultimo módulo cursado
8086,UniABCD,05/11/2022,199,7,"R$ 2.853,06",20/09/2022 - ultimo módulo cursado
7889,UniABCD,01/11/2022,203,7,"R$ 2.591,68",24/08/2022 - ultimo módulo cursado
9787,UniABCD,01/11/2022,203,7,"R$ 2.111,20",07/04/2023 - ultimo módulo cursado
10556,UniABCD,01/11/2022,203,7,"R$ 1.838,34",concluiu todas disciplinas
9807,UniABCD,05/11/2022,199,7,"R$ 1.914,64",24/08/2022 - ultimo módulo cursado
9932,UniABCD,01/11/2022,203,7,"R$ 2.158,31",concluiu todas disciplinas
8979,UniABCD,05/11/2022,199,7,"R$ 2.062,06",06/10/2022 - ultimo módulo cursado
10246,UniABCD,01/11/2022,203,7,"R$ 2.111,20",em conclusão
8163,UniABCD,01/11/2022,203,7,"R$ 2.111,20",29/08/2022 - ultimo módulo cursado
8292,UniABCD,01/11/2022,203,7,"R$ 2.111,20",frequenta
9363,UniABCD,01/11/2022,203,7,"R$ 2.111,20",06/10/2022 - ultimo módulo cursado
10310,UniABCD,01/11/2022,203,7,"R$ 1.870,96",14/03/2023 - ultimo módulo cursado - falta só o estágio
9258,UniABCD,01/11/2022,203,7,"R$ 2.940,91",frequenta
7948,UniABCD,01/11/2022,203,7,"R$ 2.004,52",18/08/2022 - ultimo módulo cursado
8412,UniABCD,05/11/2022,199,7,"R$ 2.063,81",nunca frequentou
9573,UniABCD,01/11/2022,203,7,"R$ 2.666,65",02/06/2022 - ultimo módulo cursado
9504,UniABCD,01/11/2022,203,7,"R$ 2.021,04",10/03/2023 - ultimo módulo cursado - falta só o estágio
8899,UniABCD,01/11/2022,203,7,"R$ 1.870,96",13/04/2022 - ultimo módulo cursado
8733,UniABCD,05/11/2022,199,7,"R$ 2.062,06",14/03/2023 - ultimo módulo cursado
9804,UniABCD,01/11/2022,203,7,"R$ 2.710,75",16/08/2022 - ultimo módulo cursado - falta só o estágio
7647,UniABCD,01/11/2022,203,7,"R$ 2.004,52",13/10/2022 - ultimo módulo cursado
9631,UniABCD,05/11/2022,199,7,"R$ 1.959,51",28/10/2022 - ultimo módulo cursado
8977,UniABCD,01/11/2022,203,7,"R$ 2.111,20",formado
9924,UniABCD,01/11/2022,203,7,"R$ 1.876,28",09/08/2022 - ultimo módulo cursado
10259,UniABCD,05/11/2022,199,7,"R$ 1.959,51",15/12/2022 - ultimo módulo cursado
9506,UniABCD,05/11/2022,199,7,"R$ 2.853,06",13/12/2022 - ultimo módulo cursado
8132,UniABCD,01/11/2022,203,7,"R$ 2.004,52",20/10/2022 - ultimo módulo cursado
8953,UniABCD,01/11/2022,203,7,"R$ 2.787,75",30/08/2022 - ultimo módulo cursado
9440,UniABCD,05/11/2022,199,7,"R$ 2.063,81",nunca frequentou
9166,UniABCD,01/11/2022,203,7,"R$ 2.111,20",25/05/2023 - ultimo modulo cursado - falta só estágio
9965,UniABCD,01/11/2022,203,7,"R$ 2.010,26",27/10/2022 - ultimo módulo cursado
10581,UniABCD,01/11/2022,203,7,"R$ 1.809,50",18/11/2022 - ultimo módulo cursado - falta só o estágio
8770,UniABCD,05/11/2022,199,7,"R$ 2.063,81",05/10/2022 - ultimo módulo cursado
7668,UniABCD,01/11/2022,203,7,"R$ 2.111,20",28/10/2022 - ultimo módulo cursado
10549,UniABCD,01/11/2022,203,7,"R$ 2.792,65",09/08/2022 - ultimo módulo cursado
9899,UniABCD,01/11/2022,203,7,"R$ 1.870,96",19/07/2022 - solicitou retorno e não frequentou
9008,UniABCD,01/11/2022,203,7,"R$ 2.117,36",frequenta
8234,UniABCD,01/11/2022,203,7,"R$ 2.004,52",10/02/2023 - ultimo módulo cursado
10985,UniABCD,05/11/2022,199,7,"R$ 1.755,48",07/03/2023 - último módulo cursado
8880,UniABCD,05/11/2022,199,7,"R$ 2.853,06",20/09/2022 - ultimo módulo cursado
10040,UniABCD,05/11/2022,199,7,"R$ 1.428,00",27/01/2023 - ultimo módulo cursado
9020,UniABCD,01/11/2022,203,7,"R$ 2.111,20",em conclusão
10372,UniABCD,01/11/2022,203,7,"R$ 2.117,36",02/02/2023 - ultimo módulo cursado
8458,UniABCD,01/11/2022,203,7,"R$ 2.021,04",formado
8995,UniABCD,01/11/2022,203,7,"R$ 2.004,52",01/08/2022 - ultimo módulo cursado
7972,UniABCD,01/11/2022,203,7,"R$ 2.111,20",09/11/2022 - ultimo módulo cursado
9755,UniABCD,01/11/2022,203,7,"R$ 2.128,91",26/09/2022 - ultimo módulo cursado
7415,UniABCD,01/11/2022,203,7,"R$ 2.792,65",09/08/2022 - ultimo módulo cursado
8503,UniABCD,01/11/2022,203,7,"R$ 2.735,25",31/01/2023 - ultimo módulo cursado
7794,UniABCD,01/11/2022,203,7,"R$ 2.004,52",14/09/2022 - ultimo módulo cursado
7413,UniABCD,05/11/2022,199,7,"R$ 2.853,06",13/12/2022 - ultimo módulo cursado
9295,UniABCD,01/11/2022,203,7,"R$ 2.111,20",em conclusão
8562,UniABCD,05/11/2022,199,7,"R$ 1.914,64",30/09/2022 - ultimo módulo cursado
8335,UniABCD,01/11/2022,203,7,"R$ 2.111,20",21/09/2022 - ultimo módulo cursado
8748,UniABCD,01/11/2022,203,7,"R$ 2.940,91",frequenta
7624,UniABCD,05/11/2022,199,7,"R$ 1.750,00",19/08/2022 - ultimo módulo cursado
8558,UniABCD,05/11/2022,199,7,"R$ 2.062,06",09/02/2023 - ultimo módulo cursado
8032,UniABCD,01/11/2022,203,7,"R$ 2.111,20",11/10/2021 - ultimo módulo cursado
8456,UniABCD,01/11/2022,203,7,"R$ 2.004,52",20/10/2022 - ultimo módulo cursado
10175,UniABCD,05/11/2022,199,7,"R$ 1.959,51",15/12/2022 - ultimo módulo cursado
7910,UniABCD,01/11/2022,203,7,"R$ 1.876,28",06/10/2022 - ultimo módulo cursado
7714,UniABCD,05/11/2022,199,7,"R$ 1.861,51",25/11/2022- último módulo cursado
9230,UniABCD,01/11/2022,203,7,"R$ 2.004,52",14/11/2022 - ultimo módulo cursado
7993,UniABCD,05/11/2022,199,7,"R$ 1.346,40",15/12/2022 - ultimo módulo cursado
9642,UniABCD,05/11/2022,199,7,"R$ 2.062,06",14/07/2022 - ultimo módulo cursado
9902,UniABCD,01/11/2022,203,7,"R$ 2.111,20",em conclusão
8739,UniABCD,05/11/2022,199,7,"R$ 2.062,06",28/11/2022 - ultimo módulo cursado
9013,UniABCD,01/11/2022,203,7,"R$ 2.462,60",11/07/2022 - ultimo módulo cursado
8218,UniABCD,01/11/2022,203,7,"R$ 2.004,52",30/08/2022 - ultimo módulo cursado
7672,UniABCD,05/11/2022,199,7,"R$ 2.853,06",27/10/2022 - ultimo módulo cursado
8026,UniABCD,01/11/2022,203,7,"R$ 2.111,20",02/02/2023 - ultimo módulo cursado
9991,UniABCD,01/11/2022,203,7,"R$ 2.004,52",01/08/2022 - ultimo módulo cursado
7552,UniABCD,01/11/2022,203,7,"R$ 2.010,26",28/11/2022 - ultimo módulo cursado
8505,UniABCD,01/11/2022,203,7,"R$ 2.792,65",10/01/2023 - ultimo módulo cursado - falta só o estágio
8160,UniABCD,01/11/2022,203,7,"R$ 2.666,65",20/10/2022 - ultimo módulo cursado
9954,UniABCD,01/11/2022,203,7,"R$ 2.004,52",29/08/2022 - ultimo módulo cursado
9979,UniABCD,05/11/2022,199,7,"R$ 2.063,81",02/02/2023 - ultimo módulo cursado
8932,UniABCD,01/11/2022,203,7,"R$ 2.004,52",frequenta
9141,UniABCD,01/11/2022,203,7,"R$ 2.111,20",28/11/2022 - ultimo módulo cursado
7543,UniABCD,01/11/2022,203,7,"R$ 1.809,50",03/03/2023 - ultimo módulo cursado
10990,UniABCD,05/11/2022,199,7,"R$ 1.308,20",nunca frequentou
9479,UniABCD,01/11/2022,203,7,"R$ 2.004,52",14/07/2022 - ultimo módulo cursado
8349,UniABCD,01/11/2022,203,7,"R$ 2.111,20",01/08/2022 - ultimo módulo cursado
8337,UniABCD,05/11/2022,199,7,"R$ 2.062,06",nunca frequentou
8621,UniABCD,01/11/2022,203,7,"R$ 1.809,50",concluiu todas disciplinas
8918,UniABCD,01/11/2022,203,7,"R$ 2.940,91",em conclusão
9628,UniABCD,01/11/2022,203,7,"R$ 2.591,68",03/08/2022 - ultimo módulo cursado
9030,UniABCD,01/11/2022,203,7,"R$ 2.158,31",19/08/2022 - ultimo módulo cursado
10004,UniABCD,05/11/2022,199,7,"R$ 2.623,07",23/11/2022 - ultimo módulo cursado
9011,UniABCD,01/11/2022,203,7,"R$ 2.111,20",18/07/2022 - ultimo módulo cursado
9178,UniABCD,05/11/2022,199,7,"R$ 1.959,51",15/12/2022 - ultimo módulo cursado
7618,UniABCD,01/11/2022,203,7,"R$ 1.870,96",formado
8512,UniABCD,01/11/2022,203,7,"R$ 2.792,65",09/08/2022 - ultimo módulo cursado
9325,UniABCD,01/11/2022,203,7,"R$ 1.870,96",08/08/2022 - ultimo módulo cursado
9254,UniABCD,01/11/2022,203,7,"R$ 2.004,52",23/08/2022 - ultimo módulo cursado
8625,UniABCD,05/11/2022,199,7,"R$ 2.062,06",06/10/2022 - ultimo módulo cursado
7429,UniABCD,01/11/2022,203,7,"R$ 1.870,96",08/09/2022 - ultimo módulo cursado - falta só o estágio
8729,UniABCD,05/11/2022,199,7,"R$ 2.062,06",28/09/2022 - ultimo módulo cursado
9606,UniABCD,01/11/2022,203,7,"R$ 2.111,20",25/01/2023 - ultimo módulo cursado
10532,UniABCD,05/11/2022,199,7,"R$ 1.960,00",13/01/2023 - ultimo módulo cursado
10332,UniABCD,01/11/2022,203,7,"R$ 2.111,20",15/08/2022 - ultimo módulo cursado
9142,UniABCD,01/11/2022,203,7,"R$ 1.937,53",em conclusão
10294,UniABCD,05/11/2022,199,7,"R$ 2.062,06",27/04/2023 - ultimo módulo cursado
8721,UniABCD,01/11/2022,203,7,"R$ 1.870,96",26/08/2022 - ultimo módulo cursado
9028,UniABCD,01/11/2022,203,7,"R$ 2.004,52",20/09/2022 - ultimo módulo cursado
9539,UniABCD,05/11/2022,199,7,"R$ 1.561,00",11/10/2022 - ultimo módulo cursado
9058,UniABCD,01/11/2022,203,7,"R$ 2.004,52",04/01/2023 - ultimo módulo cursado
8272,UniABCD,01/11/2022,203,7,"R$ 2.004,52",frequenta
9060,UniABCD,05/11/2022,199,7,"R$ 1.820,00",02/03/2023 - último módulo cursado
7592,UniABCD,01/11/2022,203,7,"R$ 2.010,26",28/11/2022 - ultimo módulo cursado
7540,UniABCD,01/11/2022,203,7,"R$ 2.004,52",30/08/2022 - ultimo módulo cursado
8527,UniABCD,05/11/2022,199,7,"R$ 2.711,03",09/12/2022 - ultimo módulo cursado
8406,UniABCD,01/11/2022,203,7,"R$ 1.857,29",nunca frequentou
7551,UniABCD,01/11/2022,203,7,"R$ 1.770,72",nunca frequentou
8253,UniABCD,01/11/2022,203,7,"R$ 2.609,25",Formado
8837,UniABCD,05/11/2022,199,7,"R$ 1.961,26",04/05/2023 - ultimo módulo cursado
7868,UniABCD,01/11/2022,203,7,"R$ 2.004,52",frequenta
10136,UniABCD,01/11/2022,203,7,"R$ 1.870,96",20/06/2022 - ultimo módulo cursado
10376,UniABCD,05/11/2022,199,7,"R$ 2.063,81",05/10/2022 - ultimo módulo cursado
9707,UniABCD,01/11/2022,203,7,"R$ 2.111,20",17/11/2022 - ultimo módulo cursado
9905,UniABCD,01/11/2022,203,7,"R$ 2.940,91",frequenta
10046,UniABCD,01/11/2022,203,7,"R$ 2.111,20",16/09/2022 - ultimo módulo cursado
9402,UniABCD,05/11/2022,199,7,"R$ 2.062,06",28/10/2022 - ultimo módulo cursado
10322,UniABCD,01/11/2022,203,7,"R$ 2.117,36",06/07/2022 - ultimo módulo cursado
8783,UniABCD,01/11/2022,203,7,"R$ 2.004,52",27/07/2022 - ultimo módulo cursado
10178,UniABCD,01/11/2022,203,7,"R$ 2.117,36",frequenta
7648,UniABCD,01/11/2022,203,7,"R$ 2.111,20",26/08/2022 - ultimo módulo cursado
7947,UniABCD,01/11/2022,203,7,"R$ 2.111,20",15/08/2022 - ultimo módulo cursado - falta só o estágio
7523,UniABCD,01/11/2022,203,7,"R$ 2.111,20",11/08/2022 - ultimo módulo cursado
8942,UniABCD,01/11/2022,203,7,"R$ 2.792,65",10/08/2022 - ultimo módulo cursado
8450,UniABCD,05/11/2022,199,7,"R$ 1.761,06",23/11/2022 - ultimo módulo cursado
8223,UniABCD,05/11/2022,199,7,"R$ 1.959,51",15/12/2022 - ultimo módulo cursado
7905,UniABCD,05/11/2022,199,7,"R$ 1.959,51",18/11/2022 - ultimo módulo cursado
8689,UniABCD,01/11/2022,203,7,"R$ 1.870,96",26/09/2022 - ultimo módulo cursado
10539,UniABCD,05/11/2022,199,7,"R$ 2.853,06",10/01/2023 - ultimo módulo cursado
8537,UniABCD,05/11/2022,199,7,"R$ 1.610,00",25/05/2023 - ultimo módulo cursado - falta só o estágio
8809,UniABCD,01/11/2022,203,7,"R$ 1.870,96",30/08/2022 - ultimo módulo cursado
7822,UniABCD,01/11/2022,203,7,"R$ 2.460,99",28/04/2023 - ultimo módulo cursado - falta só o estágio
7802,UniABCD,01/11/2022,203,7,"R$ 1.870,96",13/02/2023 - ultimo módulo cursado - falta só o estágio
9522,UniABCD,01/11/2022,203,7,"R$ 2.111,20",em conclusão
8401,UniABCD,05/11/2022,199,7,"R$ 2.711,03",09/12/2022 - ultimo módulo cursado
9159,UniABCD,01/11/2022,203,7,"R$ 2.010,26",27/10/2022 - ultimo módulo cursado
10336,UniABCD,05/11/2022,199,7,"R$ 1.959,51",14/09/2022 - ultimo módulo cursado
7599,UniABCD,05/11/2022,199,7,"R$ 1.961,26",11/10/2022 - ultimo módulo cursado
8749,UniABCD,05/11/2022,199,7,"R$ 2.062,06",07/10/2022 - ultimo módulo cursado
10565,UniABCD,01/11/2022,203,7,"R$ 2.010,26",26/10/2022 - ultimo módulo cursado
9654,UniABCD,01/11/2022,203,7,"R$ 2.807,00",04/10/2022 - ultimo módulo cursado - falta só o estágio
8035,UniABCD,01/11/2022,203,7,"R$ 1.870,96",frequenta
9194,UniABCD,01/11/2022,203,7,"R$ 2.004,52",23/11/2022 - ultimo módulo cursado
10146,UniABCD,01/11/2022,203,7,"R$ 2.004,52",frequenta
10311,UniABCD,05/11/2022,199,7,"R$ 2.062,06",28/09/2022 - ultimo módulo cursado
9940,UniABCD,05/11/2022,199,7,"R$ 1.959,51",17/11/2022 - ultimo módulo cursado
9776,UniABCD,05/11/2022,199,7,"R$ 1.959,51",18/10/2022 - ultimo módulo cursado
7790,UniABCD,01/11/2022,203,7,"R$ 2.111,20",03/01/2023 - ultimo módulo cursado
9891,UniABCD,01/11/2022,203,7,"R$ 2.004,52",21/09/2022 - ultimo módulo cursado
8366,UniABCD,01/11/2022,203,7,"R$ 2.004,52",14/09/2022 - ultimo módulo cursado
8544,UniABCD,01/11/2022,203,7,"R$ 2.021,04",10/03/2023 - ultimo módulo cursado - falta só o estágio
9468,UniABCD,01/11/2022,203,7,"R$ 1.886,36",18/10/2022 - ultimo módulo cursado
10366,UniABCD,05/11/2022,199,7,"R$ 1.428,00",02/09/2022 - ultimo módulo cursado
10250,UniABCD,01/11/2022,203,7,"R$ 2.067,27",26/09/2022 - ultimo módulo cursado
10463,UniABCD,01/11/2022,203,7,"R$ 2.710,75",28/06/2022 - ultimo módulo cursado
9025,UniABCD,01/11/2022,203,7,"R$ 1.870,96",05/08/2022 - ultimo módulo cursado - falta só o estágio
9279,UniABCD,05/11/2022,199,7,"R$ 1.959,51",14/12/2022 - ultimo módulo cursado
7899,UniABCD,05/11/2022,199,7,"R$ 2.547,36",22/11/2022 - ultimo módulo cursado
8295,UniABCD,01/11/2022,203,7,"R$ 2.111,20",20/12/2022 - ultimo módulo cursado
8382,UniABCD,05/11/2022,199,7,"R$ 1.914,64",11/10/2022 - ultimo módulo cursado
8300,UniABCD,05/11/2022,199,7,"R$ 1.428,00",02/09/2022 - ultimo módulo cursado
8105,UniABCD,05/11/2022,199,7,"R$ 1.958,95",21/11/2022 - ultimo módulo cursado - falta só o estágio
7517,UniABCD,05/11/2022,199,7,"R$ 1.960,00",08/11/2022 - ultimo módulo cursado
7582,UniABCD,01/11/2022,203,7,"R$ 2.004,52",15/12/2022 - ultimo módulo cursado
7809,UniABCD,01/11/2022,203,7,"R$ 1.937,53",29/08/2022 - ultima modulo cursado - falta só estágo
9300,UniABCD,05/11/2022,199,7,"R$ 1.761,06",29/09/2022 - ultimo módulo cursado
7974,UniABCD,01/11/2022,203,7,"R$ 2.004,52",14/09/2022 - ultimo módulo cursado
8500,UniABCD,05/11/2022,199,7,"R$ 1.959,51",16/12/2022 - ultimo módulo cursado
7951,UniABCD,05/11/2022,199,7,"R$ 2.062,06",06/10/2022 - ultimo módulo cursado
8516,UniABCD,01/11/2022,203,7,"R$ 1.870,96",01/09/2022 - ultimo módulo cursado
9770,UniABCD,05/11/2022,199,7,"R$ 2.711,03",17/10/2022 - ultimo módulo cursado
8552,UniABCD,01/11/2022,203,7,"R$ 2.111,20",06/07/2022 - ultimo módulo cursado
10033,UniABCD,01/11/2022,203,7,"R$ 1.809,50",01/08/2022 - ultimo módulo cursado
10473,UniABCD,01/11/2022,203,7,"R$ 2.040,50",27/04/2022 - ultimo módulo cursado
8507,UniABCD,01/11/2022,203,7,"R$ 2.792,65",10/03/2023 - ultimo módulo cursado
10318,UniABCD,01/11/2022,203,7,"R$ 2.792,65",24/11/2022 - ultimo módulo cursado
7848,UniABCD,05/11/2022,199,7,"R$ 1.959,51",18/11/2022 - ultimo módulo cursado - falta só o estágio
12124,UniABCD,01/11/2022,203,7,"R$ 1.870,96",30/06/2022 - ultimo módulo cursado
10541,UniABCD,01/11/2022,203,7,"R$ 2.158,31",19/08/2022 - ultimo módulo cursado
9653,UniABCD,05/11/2022,199,7,"R$ 1.959,51",28/10/2022- ultimo módulo cursado
8881,UniABCD,01/11/2022,203,7,"R$ 1.838,34",28/10/2022 - ultimo módulo cursado
8911,UniABCD,05/11/2022,199,7,"R$ 1.914,64",11/10/2022 - ultimo módulo cursado
9474,UniABCD,01/11/2022,203,7,"R$ 1.809,50",concluiu todas disciplinas
7689,UniABCD,01/11/2022,203,7,"R$ 1.870,96",29/07/2022 - ultimo módulo cursado
9264,UniABCD,01/11/2022,203,7,"R$ 2.128,91",26/09/2022 - ultimo módulo cursado
7408,UniABCD,01/11/2022,203,7,"R$ 2.004,52",29/09/2022 - ultimo módulo cursado
8220,UniABCD,01/11/2022,203,7,"R$ 2.010,26",28/11/2022 - ultimo módulo cursado
9385,UniABCD,05/11/2022,199,7,"R$ 2.547,36",20/09/2022 - ultimo módulo cursado
8191,UniABCD,05/11/2022,199,7,"R$ 2.425,85",11/08/2022 - ultimo módulo cursado
9477,UniABCD,01/11/2022,203,7,"R$ 2.010,26",28/09/2022 - ultimo módulo cursado
9602,UniABCD,01/11/2022,203,7,"R$ 2.940,91",frequenta
9068,UniABCD,01/11/2022,203,7,"R$ 1.809,50",21/11/2022 - ultimo módulo cursado - falta só o estágio
8602,UniABCD,01/11/2022,203,7,"R$ 2.004,52",frequenta
10341,UniABCD,01/11/2022,203,7,"R$ 1.806,00",25/04/2023 - ultimo módulo cursado - falta só o estágio
10563,UniABCD,01/11/2022,203,7,"R$ 2.040,50",concluiu todas disciplinas
10127,UniABCD,05/11/2022,199,7,"R$ 1.914,64",01/11/2022 - ultimo módulo cursado
9972,UniABCD,01/11/2022,203,7,"R$ 2.117,36",07/07/2022 - ultimo módulo cursado - falta só o estágio
8301,UniABCD,01/11/2022,203,7,"R$ 2.111,20",03/01/2023 - ultimo módulo cursado
7409,UniABCD,01/11/2022,203,7,"R$ 2.111,20",27/02/2023 - ultimo módulo cursado
8409,UniABCD,01/11/2022,203,7,"R$ 2.710,75",09/11/2022 - ultimo módulo cursado - falta só o estágio
9815,UniABCD,01/11/2022,203,7,"R$ 1.809,50",formado
8029,UniABCD,05/11/2022,199,7,"R$ 2.063,81",frequenta
9769,UniABCD,01/11/2022,203,7,"R$ 2.111,20",03/01/2023 - ultimo módulo cursado
8221,UniABCD,01/11/2022,203,7,"R$ 2.004,52",07/10/2022 - ultimo módulo cursado
8387,UniABCD,05/11/2022,199,7,"R$ 2.063,81",nunca frequentou
10210,UniABCD,01/11/2022,203,7,"R$ 2.004,52",frequenta
10093,UniABCD,01/11/2022,203,7,"R$ 2.792,65",11/05/2023 - ultimo módulo cursado - falta só o estágio
8069,UniABCD,01/11/2022,203,7,"R$ 2.940,91",frequenta
9880,UniABCD,01/11/2022,203,7,"R$ 1.870,96",17/02/2023 - ultimo módulo cursado
8120,UniABCD,05/11/2022,199,7,"R$ 2.194,64",11/10/2022 - ultimo módulo cursado
10212,UniABCD,01/11/2022,203,7,"R$ 1.870,96",formado
9934,UniABCD,01/11/2022,203,7,"R$ 2.792,65",11/04/2023 - ultimo módulo cursado
9681,UniABCD,01/11/2022,203,7,"R$ 2.117,36",16/11/2022 - ultimo módulo cursado - falta só o estágio
8249,UniABCD,01/11/2022,203,7,"R$ 1.870,96",08/08/2022 - ultimo módulo cursado - falta só o estágio
9508,UniABCD,01/11/2022,203,7,"R$ 1.876,28",08/11/2022 - ultimo módulo cursado
10104,UniABCD,01/11/2022,203,7,"R$ 1.870,96",em conclusão
8046,UniABCD,05/11/2022,199,7,"R$ 3.423,70",20/09/2022 - ultimo módulo cursado
9722,UniABCD,01/11/2022,203,7,"R$ 2.111,20",em conclusão
7504,UniABCD,05/11/2022,199,7,"R$ 1.820,00",28/10/2022 - último módulo cursado
9172,UniABCD,01/11/2022,203,7,"R$ 2.111,20",frequenta
7840,UniABCD,01/11/2022,203,7,"R$ 2.010,26",28/11/2022 - ultimo módulo cursado
8415,UniABCD,05/11/2022,199,7,"R$ 1.914,64",24/08/2022 - ultimo módulo cursado
7817,UniABCD,01/11/2022,203,7,"R$ 2.004,52",18/08/2022 - ultimo módulo cursado
10068,UniABCD,01/11/2022,203,7,"R$ 2.591,68",16/05/2023 - entrou em rescisão
8799,UniABCD,01/11/2022,203,7,"R$ 1.870,96",05/07/2022 - ultimo módulo cursado - falta só o estágio
8377,UniABCD,01/11/2022,203,7,"R$ 2.111,20",em conclusão
9223,UniABCD,01/11/2022,203,7,"R$ 1.870,96",05/12/2022 - ultimo módulo cursado
8420,UniABCD,05/11/2022,199,7,"R$ 2.062,06",06/10/2022 - ultimo módulo cursado
10162,UniABCD,01/11/2022,203,7,"R$ 1.870,96",30/05/2022 - ultimo módulo cursado
8854,UniABCD,01/11/2022,203,7,"R$ 2.004,52",07/10/2022 - ultimo módulo cursado
9211,UniABCD,01/11/2022,203,7,"R$ 2.004,52",08/09/2022 - ultimo módulo cursado
9048,UniABCD,01/11/2022,203,7,"R$ 1.870,96",14/03/2023 - ultimo módulo cursado - falta só o estágio
7559,UniABCD,05/11/2022,199,7,"R$ 1.852,55",29/09/2022 - ultimo módulo cursado
9487,UniABCD,01/11/2022,2/9/2021,7,"R$ 2.111,20",27/09/2022 - ultimo módulo cursado - falta só o estágio
9726,UniABCD,05/11/2022,199,7,"R$ 1.959,51",30/12/2022 - ultimo módulo cursado
7717,UniABCD,01/11/2022,203,6,"R$ 1.809,60",01/09/2022 - ultimo módulo cursado - falta só o estágio
8161,UniABCD,05/12/2022,169,6,"R$ 2.323,74",17/10/2022 - ultimo módulo cursado
12211,UniABCD,01/12/2022,173,6,"R$ 1.680,00",08/09/2022 - ultimo módulo cursado
8700,UniABCD,01/11/2022,203,6,"R$ 2.520,78",19/07/2022 - ultimo módulo cursado - falta só o estágio
8586,UniABCD,01/11/2022,203,6,"R$ 1.809,60",14/07/2022 - ultimo módulo cursado
13369,UniABCD,05/12/2022,169,6,"R$ 1.681,08",frequenta
10192,UniABCD,01/11/2022,203,6,"R$ 1.603,68",06/01/2020 - ultimo módulo cursado - falta só o estágio
13371,UniABCD,05/12/2022,169,6,"R$ 1.767,48",29/11/2022 - ultimo módulo cursado
8067,UniABCD,01/11/2022,203,6,"R$ 1.749,00",formado
8281,UniABCD,01/11/2022,203,6,"R$ 1.608,24",formado
13381,UniABCD,05/12/2022,169,6,"R$ 1.768,98",nunca frequentou
10551,UniABCD,01/11/2022,203,6,"R$ 1.814,88",07/07/2022 - ultimo módulo cursado - falta só o estágio
10058,UniABCD,01/11/2022,203,6,"R$ 1.603,68",11/07/2022 - ultimo módulo cursado - falta só o estágio
10074,UniABCD,01/11/2022,203,6,"R$ 2.236,50",10/06/2022 - ultimo módulo cursado
13384,UniABCD,01/12/2022,173,6,"R$ 2.772,84",frequenta
13391,UniABCD,05/12/2022,169,6,"R$ 2.324,40",25/11/2022 - ultimo módulo cursado
8793,UniABCD,01/11/2022,203,6,"R$ 1.603,68",13/06/2022 - ultimo módulo cursado - falta só o estágio
13396,UniABCD,05/12/2022,169,6,"R$ 1.679,58",29/11/2022 - ultimo módulo cursado
12219,UniABCD,01/12/2022,173,6,"R$ 1.824,78",09/03/2023 - ultimo módulo cursado - falta só o estágio
7812,UniABCD,01/11/2022,203,6,"R$ 1.749,00",formado
13411,UniABCD,05/12/2022,169,6,"R$ 1.767,48",17/11/2022 - ultimo módulo cursado
7430,UniABCD,01/11/2022,203,6,"R$ 1.809,60",14/07/2022 - ultimo módulo cursado - falta só o estágio
10113,UniABCD,01/11/2022,203,6,"R$ 1.809,60",22/09/2022 - ultimo módulo cursado
13419,UniABCD,05/12/2022,169,6,"R$ 1.679,58",03/01/2023 - ultimo módulo cursado
13420,UniABCD,05/12/2022,169,6,"R$ 2.277,57",frequenta
7451,UniABCD,01/11/2022,203,6,"R$ 1.603,68",05/07/2022 - ultimo módulo cursado - falta só o estágio
13428,UniABCD,05/12/2022,169,6,"R$ 1.788,00",nunca frequentou
12131,UniABCD,05/12/2022,169,6,"R$ 1.767,48",09/03/2023 - ultimo módulo cursado
13434,UniABCD,05/12/2022,169,6,"R$ 1.560,00",frequenta
7590,UniABCD,01/11/2022,203,6,"R$ 1.575,72",29/08/2022 - ultimo módulo cursado - falta só o estágio
11216,UniABCD,01/12/2022,173,6,"R$ 1.603,68",10/02/2022 - ultimo módulo cursado - falta só o estágio
11221,UniABCD,05/12/2022,169,6,"R$ 1.767,48",frequenta
8937,UniABCD,01/11/2022,203,6,"R$ 1.575,72",22/08/2022 - ultimo módulo cursado - falta só o estágio
13438,UniABCD,05/12/2022,169,6,"R$ 1.767,48",15/02/2023 - ultimo módulo cursado
11403,UniABCD,01/12/2022,173,6,"R$ 1.619,22",29/08/2022 - ultimo módulo cursado - falta só o estágio
11859,UniABCD,05/12/2022,169,6,"R$ 1.679,58",nunca frequentou
13442,UniABCD,05/12/2022,169,6,"R$ 1.509,48",25/11/2022 - ultimo módulo cursado
7740,UniABCD,01/12/2022,173,6,"R$ 1.809,60",frequenta
13497,UniABCD,01/12/2022,173,6,"R$ 1.809,60",15/12/2022 - ultimo módulo cursado
13452,UniABCD,01/12/2022,173,6,"R$ 1.718,16",29/10/2022 - solicitou retorno e não frequentou
13454,UniABCD,01/12/2022,173,6,"R$ 1.563,60",formado
12226,UniABCD,01/12/2022,173,6,"R$ 1.824,78",09/03/2023 - ultimo módulo cursado - falta só o estágio
8193,UniABCD,01/11/2022,203,6,"R$ 1.660,74",29/08/2022 - ultimo módulo cursado - falta só o estágio
8316,UniABCD,01/11/2022,203,6,"R$ 2.323,50",16/08/2022 - ultimo módulo cursado - falta só o estágio
8227,UniABCD,01/11/2022,203,6,"R$ 1.809,60",14/07/2022 - ultimo módulo cursado
9409,UniABCD,01/11/2022,203,6,"R$ 1.608,24",frequenta
13460,UniABCD,05/12/2022,169,6,"R$ 1.649,18",nunca frequentou
9827,UniABCD,01/11/2022,203,6,"R$ 1.575,72",concluiu todas disciplinas
7435,UniABCD,01/12/2022,173,6,"R$ 1.809,60",28/11/2022 - ultimo módulo cursado
9759,UniABCD,01/11/2022,203,6,"R$ 1.809,60",formado
13471,UniABCD,05/12/2022,169,6,"R$ 1.679,58",17/04/2023 - ultimo módulo cursado
7678,UniABCD,01/11/2022,203,6,"R$ 1.575,72",29/08/2022 - ultimo módulo cursado - falta só o estágio
9226,UniABCD,05/12/2022,169,6,"R$ 2.445,48",nunca frequentou
13481,UniABCD,05/12/2022,169,6,"R$ 1.768,98",nunca frequentou
7727,UniABCD,01/11/2022,203,6,"R$ 2.521,26",formado
9237,UniABCD,01/11/2022,203,6,"R$ 1.603,68",05/07/2022 - ultimo módulo cursado - falta só o estágio
13488,UniABCD,05/12/2022,169,6,"R$ 1.767,48",29/11/2022 - ultimo módulo cursado
13490,UniABCD,01/12/2022,173,6,"R$ 1.809,60",23/05/2023 - ultimo módulo cursado
13496,UniABCD,01/12/2022,173,6,"R$ 1.809,60",26/10/2022 - solicitou retorno e não frequentou
8760,UniABCD,01/11/2022,203,6,"R$ 1.419,00",09/09/2022 - solicitou retorno e não frequentou
11148,UniABCD,05/12/2022,169,6,"R$ 1.597,02",12/12/2022 - ultimo módulo cursado
8455,UniABCD,01/11/2022,203,5,"R$ 1.457,50",13/06/2022 - ultimo módulo cursado - falta só o estágio
18007,UniABCD,05/01/2023,138,5,"R$ 1.472,90",nunca frequentou
16924,UniABCD,05/01/2023,138,5,"R$ 1.399,65",30/01/2023 - ultimo módulo cursado
8563,UniABCD,01/11/2022,203,5,"R$ 1.512,40",07/07/2022 - ultimo módulo cursado
16922,UniABCD,05/01/2023,138,5,"R$ 1.490,00",26/04/2023 - ultimo módulo cursado
18012,UniABCD,05/01/2023,138,5,"R$ 1.472,90",nunca frequentou
10356,UniABCD,05/01/2023,138,5,"R$ 1.472,90",nunca frequentou
18014,UniABCD,05/01/2023,138,5,"R$ 1.472,90",nunca frequentou
7473,UniABCD,01/11/2022,203,5,"R$ 2.100,65",19/07/2022 - ultimo módulo cursado - falta só o estágio
18021,UniABCD,05/01/2023,138,5,"R$ 1.472,90",nunca frequentou
18023,UniABCD,05/01/2023,138,5,"R$ 1.472,90",08/02/2023 - ultimo módulo cursado
18028,UniABCD,05/01/2023,138,5,"R$ 1.472,90",nunca frequentou
7903,UniABCD,01/11/2022,203,5,"R$ 1.336,40",13/06/2022 - ultimo módulo cursado
18026,UniABCD,05/01/2023,138,5,"R$ 1.472,90",nunca frequentou
9481,UniABCD,01/11/2022,203,5,"R$ 1.336,40",formado
8260,UniABCD,01/11/2022,203,5,"R$ 1.340,20",31/03/2022 - ultimo módulo cursado
16918,UniABCD,05/01/2023,138,5,"R$ 1.257,90",25/11/2022 - ultimo módulo cursado
8865,UniABCD,01/11/2022,203,5,"R$ 1.264,80",formado
7692,UniABCD,01/11/2022,203,5,"R$ 2.100,65",19/07/2022 - ultimo módulo cursado - falta só o estágio
18029,UniABCD,05/01/2023,138,5,"R$ 1.399,65",nunca frequentou
18031,UniABCD,05/01/2023,138,5,"R$ 1.512,40",nunca frequentou
9906,UniABCD,01/11/2022,203,5,"R$ 1.508,00",13/06/2022 - ultimo módulo cursado - falta só o estágio
16921,UniABCD,05/01/2023,138,5,"R$ 1.250,00",05/12/2022 - ultimo módulo cursado
10323,UniABCD,01/11/2022,203,5,"R$ 1.508,00",formado
9307,UniABCD,01/11/2022,203,5,"R$ 1.336,40",19/05/2022 - ultimo módulo cursado - falta só o estágio
10397,UniABCD,01/11/2022,203,5,"R$ 1.340,20",25/03/2022 - ultimo módulo cursado - falta só o estágio
18038,UniABCD,01/01/2023,142,5,"R$ 1.336,40",16/07/2021 - ultimo módulo cursado
9772,UniABCD,01/11/2022,203,5,"R$ 2.125,30",02/08/2022 - ultimo módulo cursado
9375,UniABCD,01/11/2022,203,5,"R$ 1.336,40",30/09/2022 - ultimo módulo cursado - falta só o estágio
7811,UniABCD,01/11/2022,203,5,"R$ 2.100,65",formado
12117,UniABCD,01/11/2022,203,5,"R$ 1.336,40",concluiu todas disciplinas
18053,UniABCD,05/01/2023,138,5,"R$ 1.472,90",08/02/2023 - ultimo módulo cursado
10011,UniABCD,01/11/2022,203,5,"R$ 1.927,90",frequenta
12015,UniABCD,05/01/2023,138,5,"R$ 1.400,90",12/12/2022 - ultimo módulo cursado
8850,UniABCD,01/11/2022,203,5,"R$ 1.292,50",05/08/2022 - ultimo módulo cursado - falta só o estágio
8322,UniABCD,01/11/2022,203,5,"R$ 1.508,00",formado
9432,UniABCD,01/11/2022,203,5,"R$ 1.520,65",08/08/2022 - ultimo módulo cursado - falta só o estágio
16925,UniABCD,05/01/2023,138,5,"R$ 1.399,65",29/11/2022 - ultimo módulo cursado
10489,UniABCD,01/11/2022,203,5,"R$ 1.512,40",formado
7657,UniABCD,01/11/2022,203,5,"R$ 1.336,40",13/06/2022 - ultimo módulo cursado - falta só o estágio
16917,UniABCD,05/01/2023,138,5,"R$ 1.490,00",nunca frequentou
8355,UniABCD,01/11/2022,203,5,"R$ 1.508,00",18/03/2022 - ultimo módulo cursado - falta só o estágio
10560,UniABCD,01/11/2022,203,5,"R$ 1.508,00",18/05/2022 - ultimo módulo cursado - falta só o estágio
18069,UniABCD,05/01/2023,138,5,"R$ 1.399,65",nunca frequentou
16908,UniABCD,05/01/2023,138,5,"R$ 1.399,65",06/02/2023 - ultimo módulo cursado
8577,UniABCD,01/11/2022,203,5,"R$ 1.336,40",13/06/2022 - ultimo módulo cursado - falta só o estágio
18079,UniABCD,05/01/2023,138,5,"R$ 1.281,10",31/03/2023 - ultimo módulo cursado
9705,UniABCD,01/11/2022,203,5,"R$ 1.457,50",27/07/2022 - ultimo módulo cursado - falta só o estágio
8287,UniABCD,05/11/2022,199,5,"R$ 1.482,50",nunca frequentou
18081,UniABCD,05/01/2023,138,5,"R$ 1.474,15",nunca frequentou
10241,UniABCD,01/11/2022,203,5,"R$ 1.264,80",07/07/2022 - ultimo módulo cursado
7615,UniABCD,01/11/2022,203,5,"R$ 1.512,40",11/07/2022 - ultimo módulo cursado
8897,UniABCD,01/11/2022,203,5,"R$ 1.336,40",23/11/2021 - ultimo módulo cursado - falta só o estágio
18093,UniABCD,05/01/2023,138,5,"R$ 1.321,00",nunca frequentou
18092,UniABCD,05/01/2023,138,5,"R$ 1.399,65",nunca frequentou
21266,UniABCD,05/02/2023,107,4,"R$ 1.630,32",nunca frequentou
21194,UniABCD,05/02/2023,107,4,"R$ 1.178,32",nunca frequentou
21076,UniABCD,05/02/2023,107,4,"R$ 920,00",16/03/2023 - ultimo módulo cursado
9713,UniABCD,01/11/2022,203,4,"R$ 1.069,12",10/10/2022 - ultimo módulo cursado
21286,UniABCD,05/02/2023,107,4,"R$ 1.120,72",08/03/2023 - ultimo módulo cursado
7606,UniABCD,01/11/2022,203,4,"R$ 1.072,16",07/07/2022 - ultimo módulo cursado - falta só o estágio
21163,UniABCD,05/02/2023,107,4,"R$ 1.178,32",27/03/2023 - ultimo módulo cursado
10231,UniABCD,05/11/2022,199,4,"R$ 1.119,72",nunca frequentou
8034,UniABCD,01/11/2022,203,4,"R$ 1.166,00",formado
21233,UniABCD,05/02/2023,107,4,"R$ 1.178,32",nunca frequentou
9614,UniABCD,05/11/2022,199,4,"R$ 1.178,32",07/04/2022 - trancou
9108,UniABCD,01/11/2022,203,4,"R$ 1.480,96",04/10/2022 - entrou em rescisão
9551,UniABCD,01/11/2022,203,4,"R$ 1.145,44",13/07/2022 - ultimo módulo cursado
8414,UniABCD,01/11/2022,203,4,"R$ 1.148,72",16/09/2022 - entrou em rescisão
21251,UniABCD,05/02/2023,107,4,"R$ 1.630,32",nunca frequentou
9499,UniABCD,01/11/2022,203,4,"R$ 1.145,44",18/02/2022 - ultimo módulo cursado
9926,UniABCD,01/11/2022,203,4,"R$ 1.107,16",07/06/2022 - ultimo módulo cursado - falta só o estágio
7977,UniABCD,01/11/2022,203,4,"R$ 1.069,12",formado
21160,UniABCD,05/02/2023,107,4,"R$ 1.178,32",27/03/2023 - ultimo módulo cursado
8549,UniABCD,01/11/2022,203,4,"R$ 1.209,92",26/08/2022 - ultimo módulo cursado
9136,UniABCD,01/11/2022,203,4,"R$ 1.206,40",18/08/2022 - ultimo módulo cursado - falta só o estágio
21135,UniABCD,05/02/2023,107,4,"R$ 1.178,32",14/02/2023 - ultimo módulo cursado
21205,UniABCD,05/02/2023,107,4,"R$ 1.178,32",20/01/2023 - ultimo módulo cursado
21118,UniABCD,05/02/2023,107,4,"R$ 1.120,47",nunca frequentou
21189,UniABCD,05/02/2023,107,4,"R$ 1.178,32",20/01/2023 - ultimo módulo cursado
11504,UniABCD,01/02/2023,111,4,"R$ 1.233,32",frequenta
7738,UniABCD,05/11/2022,199,4,"R$ 1.119,72",04/11/2022 - status de transferência escolar
8385,UniABCD,01/11/2022,203,4,"R$ 1.069,12",06/05/2022 - solicitou retorno e não frequentou
18102,UniABCD,01/02/2023,111,4,"R$ 1.540,00",12/09/2018 - ultimo módulo cursado - falta só o estágio
7549,UniABCD,01/11/2022,203,4,"R$ 1.072,16",formado
21089,UniABCD,05/02/2023,107,4,"R$ 1.119,72",nunca frequentou
8302,UniABCD,01/11/2022,203,4,"R$ 1.050,48",07/07/2022 - ultimo módulo cursado - falta só o estágio
9366,UniABCD,01/11/2022,203,4,"R$ 1.050,48",07/06/2022 - ultimo módulo cursado - falta só o estágio
9306,UniABCD,01/11/2022,203,4,"R$ 1.050,48",07/06/2022 - ultimo módulo cursado - falta só o estágio
9003,UniABCD,01/11/2022,203,4,"R$ 1.206,40",02/02/2022 - ultimo módulo cursado
21147,UniABCD,05/02/2023,107,4,"R$ 1.178,32",20/01/2023 - ultimo módulo cursado
8084,UniABCD,01/11/2022,203,4,"R$ 1.209,92",01/08/2022 - ultimo módulo cursado
10353,UniABCD,01/11/2022,203,4,"R$ 1.050,48",formado
7701,UniABCD,01/11/2022,203,4,"R$ 1.069,12",formado
21149,UniABCD,05/02/2023,107,4,"R$ 1.119,72",23/05/2023 - entrou em rescisão
7515,UniABCD,01/11/2022,203,4,"R$ 1.145,44",nunca frequentou
8900,UniABCD,01/11/2022,203,4,"R$ 1.209,92",09/05/2022 - ultimo módulo cursado
8466,UniABCD,01/11/2022,203,4,"R$ 1.069,12",formado
10986,UniABCD,05/11/2022,199,4,"R$ 850,84",nunca frequentou
21271,UniABCD,05/02/2023,107,4,"R$ 1.178,32",nunca frequentou
9187,UniABCD,01/11/2022,203,4,"R$ 1.069,12",formado
8630,UniABCD,01/11/2022,203,4,"R$ 1.206,40",02/01/2023 - tranferência escolar
9986,UniABCD,01/11/2022,203,4,"R$ 1.148,72",09/12/2022 - status de expulso
21190,UniABCD,05/02/2023,107,4,"R$ 1.119,72",nunca frequentou
9806,UniABCD,01/11/2022,203,4,"R$ 1.171,72",23/11/2022 - ultimo módulo cursado - falta só o estágio
21188,UniABCD,05/02/2023,107,4,"R$ 920,00",06/02/2023 - ultimo módulo cursado
9703,UniABCD,01/11/2022,203,4,"R$ 1.148,72",16/09/2022 - entrou em rescisão
7924,UniABCD,01/11/2022,203,4,"R$ 1.595,80",02/06/2022 - entrou em rescisão
8805,UniABCD,01/11/2022,203,4,"R$ 1.050,48",07/07/2022 - ultimo módulo cursado - falta só o estágio
21208,UniABCD,05/02/2023,107,4,"R$ 920,00",20/01/2023 - ultimo módulo cursado
10967,UniABCD,01/11/2022,203,4,"R$ 1.072,16",07/07/2022 - ultimo módulo cursado - falta só o estágio
8324,UniABCD,01/11/2022,203,4,"R$ 1.209,92",12/05/2023 - ultimo módulo cursado - falta só o estágio
10205,UniABCD,01/11/2022,203,4,"R$ 1.148,72",16/09/2022 - entrou em rescisão
9860,UniABCD,01/11/2022,203,4,"R$ 1.680,52",nunca frequentou
21110,UniABCD,05/02/2023,107,4,"R$ 920,00",06/02/2023 - ultimo módulo cursado
7686,UniABCD,01/11/2022,203,4,"R$ 1.069,12",formado
21127,UniABCD,05/02/2023,107,4,"R$ 1.120,72",nunca frequentou
7622,UniABCD,01/11/2022,203,4,"R$ 1.206,40",10/03/2022 - ultimo módulo cursado - falta só o estágio
8914,UniABCD,01/11/2022,203,4,"R$ 1.113,12",28/09/2022 - ultimo módulo cursado
8802,UniABCD,01/11/2022,203,4,"R$ 1.148,72",16/09/2022 - entrou em rescisão
8566,UniABCD,01/11/2022,203,4,"R$ 1.209,92",18/08/2022 - ultimo módulo cursado
21171,UniABCD,05/02/2023,107,4,"R$ 1.120,72",18/05/2023 - entrou em rescisão
9745,UniABCD,01/11/2022,203,4,"R$ 1.206,40",formado
21093,UniABCD,05/02/2023,107,4,"R$ 1.119,72",20/01/2023 - ultimo módulo cursado
11926,UniABCD,01/11/2022,203,4,"R$ 1.406,28",07/04/2022 - trancou
9738,UniABCD,01/11/2022,203,4,"R$ 1.166,00",06/06/2022 - trancou
9103,UniABCD,05/02/2023,107,4,"R$ 1.119,72",nunca frequentou
21068,UniABCD,05/02/2023,107,4,"R$ 1.022,23",03/02/2023 - ultimo módulo cursado
9915,UniABCD,01/11/2022,203,4,"R$ 1.050,48",formado
21129,UniABCD,05/02/2023,107,4,"R$ 1.178,32",20/01/2023 - ultimo módulo cursado
8413,UniABCD,01/11/2022,203,4,"R$ 1.069,12",19/04/2022 - ultimo módulo cursado - falta só o estágio
21094,UniABCD,05/02/2023,107,4,"R$ 1.178,32",16/02/2023 - ultimo módulo cursado
7694,UniABCD,01/11/2022,203,4,"R$ 1.011,84",concluiu todas disciplinas
21267,UniABCD,05/02/2023,107,4,"R$ 1.178,32",20/01/2023 - ultimo módulo cursado
9167,UniABCD,01/11/2022,203,4,"R$ 1.050,48",formado
21216,UniABCD,05/02/2023,107,4,"R$ 920,00",nunca frequentou
7999,UniABCD,01/11/2022,203,4,"R$ 1.166,00",31/10/2022 - tranferência escolar
11383,UniABCD,05/11/2022,199,4,"R$ 1.094,08",formado
7614,UniABCD,01/11/2022,203,4,"R$ 1.480,96",05/04/2022 - entrou em rescisão
11081,UniABCD,01/11/2022,203,4,"R$ 1.206,40",01/03/2021 - entrou em rescisão
21105,UniABCD,05/02/2023,107,4,"R$ 1.119,72",nunca frequentou
8980,UniABCD,01/11/2022,203,4,"R$ 1.072,16",07/07/2022 - ultimo módulo cursado - falta só o estágio
9263,UniABCD,01/11/2022,203,4,"R$ 1.480,96",16/09/2022 - entrou em rescisão
7487,UniABCD,01/11/2022,203,4,"R$ 1.206,40",25/07/2022 - ultimo módulo cursado
9464,UniABCD,01/11/2022,203,4,"R$ 1.209,92",21/09/2022 - ultimo módulo cursado
9856,UniABCD,01/11/2022,203,4,"R$ 1.148,72",16/09/2022 - entrou em rescisão
9220,UniABCD,01/11/2022,203,4,"R$ 1.209,92",06/07/2022 - ultimo módulo cursado
8162,UniABCD,01/11/2022,203,4,"R$ 1.166,00",09/01/2020 - ultimo módulo cursado - falta só o estágio
9069,UniABCD,01/11/2022,203,4,"R$ 1.069,12",formado
9177,UniABCD,01/11/2022,203,4,"R$ 1.680,52",16/09/2022 - entrou em rescisão
7915,UniABCD,01/11/2022,203,4,"R$ 1.145,44",28/11/2022 - ultimo módulo cursado
21264,UniABCD,05/02/2023,107,4,"R$ 1.178,32",frequenta
9407,UniABCD,01/11/2022,203,4,"R$ 1.034,00",08/07/2022 - ultimo módulo cursado - falta só o estágio
9883,UniABCD,01/11/2022,203,4,"R$ 1.069,12",formado
21225,UniABCD,05/02/2023,107,4,"R$ 1.178,32",frequenta
10266,UniABCD,01/11/2022,203,4,"R$ 1.145,44",nunca frequentou
8405,UniABCD,01/11/2022,203,4,"R$ 1.480,96",02/02/2023 - status de transferência escolar
9535,UniABCD,01/11/2022,203,4,"R$ 1.166,00",06/03/2023 - expulso
21276,UniABCD,01/02/2023,111,4,"R$ 1.206,40",nunca frequentou
10394,UniABCD,05/11/2022,199,4,"R$ 1.612,44",nunca frequentou
9097,UniABCD,01/11/2022,203,4,"R$ 1.209,92",04/07/2022 - ultimo módulo cursado
8364,UniABCD,01/11/2022,203,4,"R$ 1.113,12",nunca frequentou
21096,UniABCD,05/02/2023,107,4,"R$ 1.119,72",17/01/2023 - ultimo módulo cursado
9454,UniABCD,01/11/2022,203,4,"R$ 1.072,16",26/10/2022 - ultimo módulo cursado
9721,UniABCD,01/11/2022,203,4,"R$ 1.680,52",16/09/2022 - entrou em rescisão
21099,UniABCD,05/02/2023,107,4,"R$ 1.178,32",20/01/2023 - ultimo módulo cursado
30794,UniABCD,05/03/2023,79,3,"R$ 840,54",nunca frequentou
7855,UniABCD,01/11/2022,203,3,"R$ 801,84",formado
31835,UniABCD,05/03/2023,79,3,"R$ 754,74",nunca frequentou
9677,UniABCD,01/11/2022,203,3,"R$ 787,86",07/06/2022 - ultimo módulo cursado - falta só o estágio
31837,UniABCD,05/03/2023,79,3,"R$ 754,74",nunca frequentou
31839,UniABCD,05/03/2023,79,3,"R$ 840,54",nunca frequentou
10527,UniABCD,01/11/2022,203,3,"R$ 819,39",04/05/2022 - ultimo módulo cursado
30813,UniABCD,05/03/2023,79,3,"R$ 883,74",nunca frequentou
7827,UniABCD,01/02/2023,111,3,"R$ 775,50",Formado 
8051,UniABCD,01/03/2023,83,3,"R$ 801,84",08/08/2022 - ultimo módulo cursado
30823,UniABCD,05/03/2023,79,3,"R$ 750,00",nunca frequentou
30825,UniABCD,05/03/2023,79,3,"R$ 884,49",nunca frequentou
9607,UniABCD,01/11/2022,203,3,"R$ 904,80",concluiu todas disciplinas
31843,UniABCD,05/03/2023,79,3,"R$ 884,49",nunca frequentou
30838,UniABCD,05/03/2023,79,3,"R$ 884,49",nunca frequentou
30844,UniABCD,05/03/2023,79,3,"R$ 840,54",16/02/2023 - ultimo módulo cursado
8452,UniABCD,01/11/2022,203,3,"R$ 878,79",fazendo disciplinas pendentes
30855,UniABCD,05/03/2023,79,3,"R$ 840,54",nunca frequentou
30858,UniABCD,05/03/2023,79,3,"R$ 840,54",16/03/2023 - ultimo módulo cursado
9117,UniABCD,01/11/2022,203,3,"R$ 775,50", Formado 
30875,UniABCD,05/03/2023,79,3,"R$ 884,49",25/04/2023 - ultimo módulo cursado
30877,UniABCD,05/03/2023,79,3,"R$ 884,49",nunca frequentou
9315,UniABCD,01/11/2022,203,3,"R$ 830,37",formado
30878,UniABCD,05/03/2023,79,3,"R$ 712,50",16/02/2023 - ultimo módulo cursado
8274,UniABCD,01/11/2022,203,3,"R$ 904,80",05/08/2022 - ultimo módulo cursado - falta só o estágio
30883,UniABCD,05/03/2023,79,3,"R$ 884,49",nunca frequentou
31858,UniABCD,05/03/2023,79,3,"R$ 1.161,87",nunca frequentou
7414,UniABCD,01/11/2022,203,3,"R$ 878,79",10/10/2022 - ultimo módulo cursado - falta só o estágio
13390,UniABCD,05/12/2022,169,3,"R$ 839,79",09/03/2023 - ultimo módulo cursado
7894,UniABCD,01/11/2022,203,3,"R$ 787,86",07/06/2022 - ultimo módulo cursado - falta só o estágio
10022,UniABCD,01/11/2022,203,3,"R$ 1.020,15",29/08/2022 - ultimo módulo cursado - falta só o estágio
30919,UniABCD,05/03/2023,79,3,"R$ 884,49",16/02/2023 - ultimo módulo cursado
31874,UniABCD,05/03/2023,79,3,"R$ 840,54",nunca frequentou
30929,UniABCD,05/03/2023,79,3,"R$ 894,00",03/05/2023 - ultimo módulo cursado
31879,UniABCD,05/03/2023,79,3,"R$ 787,05",nunca frequentou
30936,UniABCD,05/03/2023,79,3,"R$ 884,49",nunca frequentou
30940,UniABCD,05/03/2023,79,3,"R$ 750,00",nunca frequentou
30944,UniABCD,05/03/2023,79,3,"R$ 840,54",nunca frequentou
30951,UniABCD,05/03/2023,79,3,"R$ 750,00",nunca frequentou
30959,UniABCD,05/03/2023,79,3,"R$ 750,00",08/03/2023 - ultimo módulo cursado
30960,UniABCD,05/03/2023,79,3,"R$ 840,54",frequenta
30961,UniABCD,05/03/2023,79,3,"R$ 840,54",16/03/2023 - ultimo módulo cursado
31893,UniABCD,05/03/2023,79,3,"R$ 884,49",nunca frequentou
31884,UniABCD,05/03/2023,79,3,"R$ 1.161,87",nunca frequentou
30968,UniABCD,05/03/2023,79,3,"R$ 750,00",nunca frequentou
30982,UniABCD,05/03/2023,79,3,"R$ 894,00",nunca frequentou
7577,UniABCD,01/11/2022,203,3,"R$ 907,44",formado
31898,UniABCD,01/03/2023,83,3,"R$ 894,00",30/01/2023 - solicitou retorno e não frequentou
30998,UniABCD,05/03/2023,79,3,"R$ 884,49",nunca frequentou
10060,UniABCD,01/11/2022,203,3,"R$ 904,80",formado
31007,UniABCD,05/03/2023,79,3,"R$ 840,54",nunca frequentou
18042,UniABCD,05/03/2023,79,3,"R$ 894,00",nunca frequentou
31013,UniABCD,05/03/2023,79,3,"R$ 750,00",nunca frequentou
31018,UniABCD,05/03/2023,79,3,"R$ 840,54",nunca frequentou
18043,UniABCD,05/01/2023,138,3,"R$ 839,79",nunca frequentou
31911,UniABCD,05/03/2023,79,3,"R$ 840,54",nunca frequentou
31924,UniABCD,05/03/2023,79,3,"R$ 840,54",nunca frequentou
31037,UniABCD,05/03/2023,79,3,"R$ 840,54",16/03/2023 - ultimo módulo cursado
31043,UniABCD,05/03/2023,79,3,"R$ 884,49",16/02/2023 - ultimo módulo cursado
31047,UniABCD,05/03/2023,79,3,"R$ 840,54",nunca frequentou
31049,UniABCD,05/03/2023,79,3,"R$ 840,54",frequenta
31932,UniABCD,05/03/2023,79,3,"R$ 884,49",nunca frequentou
31070,UniABCD,05/03/2023,79,3,"R$ 884,49",frequenta
31943,UniABCD,05/03/2023,79,3,"R$ 690,00",16/03/2023 - ultimo módulo cursado
31081,UniABCD,05/03/2023,79,3,"R$ 840,54",04/04/2023 - ultimo módulo cursado
31084,UniABCD,05/03/2023,79,3,"R$ 750,00",frequenta
31108,UniABCD,05/03/2023,79,3,"R$ 840,54",04/04/2023 - ultimo módulo cursado
31110,UniABCD,05/03/2023,79,3,"R$ 840,54",16/02/2023 - ultimo módulo cursado
10815,UniABCD,01/12/2022,173,3,"R$ 834,84",não encontrado
31955,UniABCD,05/03/2023,79,3,"R$ 884,49",nunca frequentou
8061,UniABCD,01/11/2022,203,3,"R$ 801,84",formado
7862,UniABCD,01/03/2023,83,3,"R$ 801,84",11/05/2022 - ultimo módulo cursado
31128,UniABCD,05/03/2023,79,3,"R$ 750,00",nunca frequentou
7382,UniABCD,01/11/2022,203,3,"R$ 1.212,75",formado
31135,UniABCD,05/03/2023,79,3,"R$ 840,54",16/03/2023 - ultimo módulo cursado
31962,UniABCD,05/03/2023,79,3,"R$ 750,00",nunca frequentou
9155,UniABCD,01/11/2022,203,3,"R$ 830,37",07/06/2022 - ultimo módulo cursado - falta só o estágio
31138,UniABCD,01/03/2023,83,3,"R$ 801,84",formado
31140,UniABCD,05/03/2023,79,3,"R$ 690,00",nunca frequentou
31144,UniABCD,05/03/2023,79,3,"R$ 884,49",16/02/2023 - ultimo módulo cursado
11344,UniABCD,05/03/2023,79,3,"R$ 754,74",08/03/2023 - ultimo módulo cursado
8095,UniABCD,01/11/2022,203,3,"R$ 801,84",22/03/2022 - ultimo módulo cursado
11764,UniABCD,01/03/2023,83,3,"R$ 859,08",em conclusão
31158,UniABCD,05/03/2023,79,3,"R$ 710,00",nunca frequentou
31980,UniABCD,05/03/2023,79,3,"R$ 750,00",frequenta
31981,UniABCD,05/03/2023,79,3,"R$ 884,49",frequenta
31988,UniABCD,05/03/2023,79,3,"R$ 750,00",16/02/2023 - ultimo módulo cursado
31995,UniABCD,05/03/2023,79,3,"R$ 840,54",nunca frequentou
32004,UniABCD,05/03/2023,79,3,"R$ 884,49",16/02/2023 - ultimo módulo cursado
32017,UniABCD,05/03/2023,79,3,"R$ 840,54",frequenta
32018,UniABCD,05/03/2023,79,3,"R$ 840,54",nunca frequentou
12032,UniABCD,05/03/2023,79,3,"R$ 859,08",frequenta
32023,UniABCD,05/03/2023,79,3,"R$ 750,00",16/02/2023 - ultimo módulo cursado
32025,UniABCD,05/03/2023,79,3,"R$ 840,54",16/03/2023 - ultimo módulo cursado
8384,UniABCD,01/11/2022,203,3,"R$ 758,88",formado
32034,UniABCD,05/03/2023,79,3,"R$ 750,00",frequenta
7798,UniABCD,05/03/2023,79,3,"R$ 839,79",nunca frequentou
32037,UniABCD,05/03/2023,79,3,"R$ 884,49",nunca frequentou
9228,UniABCD,01/11/2022,203,3,"R$ 904,80",concluiu todas disciplinas
9865,UniABCD,01/11/2022,203,3,"R$ 878,79",10/10/2022 - ultimo módulo cursado - falta só o estágio
8347,UniABCD,01/11/2022,203,3,"R$ 874,50",29/06/2021 - ultimo módulo cursado - falta só o estágio
8581,UniABCD,01/11/2022,203,3,"R$ 1.161,75",03/05/2022 - ultimo módulo cursado - falta só o estágio
9919,UniABCD,05/03/2023,79,3,"R$ 820,56",frequenta
32053,UniABCD,05/03/2023,79,3,"R$ 884,49",16/02/2023 - ultimo módulo cursado
32057,UniABCD,05/03/2023,79,3,"R$ 750,00",16/02/2023 - ultimo módulo cursado
32059,UniABCD,05/03/2023,79,3,"R$ 750,00",frequenta
32060,UniABCD,05/03/2023,79,3,"R$ 884,49",25/04/2023 - ultimo módulo cursado
32061,UniABCD,05/03/2023,79,3,"R$ 884,49",16/03/2023 - ultimo módulo cursado
32062,UniABCD,05/03/2023,79,3,"R$ 750,00",frequenta
32065,UniABCD,05/03/2023,79,3,"R$ 840,54",frequenta
32067,UniABCD,05/03/2023,79,3,"R$ 839,79",frequenta
9729,UniABCD,01/03/2023,83,3,"R$ 904,80",22/04/2022 - ultimo módulo cursado - falta só o estágio
32073,UniABCD,05/03/2023,79,3,"R$ 840,54",16/02/2023 - ultimo módulo cursado
32074,UniABCD,05/03/2023,79,3,"R$ 884,49",nunca frequentou
32076,UniABCD,05/03/2023,79,3,"R$ 710,00",nunca frequentou
32080,UniABCD,05/03/2023,79,3,"R$ 750,00",16/02/2023 - ultimo módulo cursado
32083,UniABCD,05/03/2023,79,3,"R$ 855,19",nunca frequentou
32085,UniABCD,05/03/2023,79,3,"R$ 884,49",16/02/2023 - ultimo módulo cursado
8192,UniABCD,01/03/2023,83,3,"R$ 874,50",04/07/2022 - ultimo módulo cursado - falta só o estágio
32092,UniABCD,05/03/2023,79,3,"R$ 840,54",16/02/2023 - ultimo módulo cursado
10135,UniABCD,01/11/2022,203,3,"R$ 830,37",07/06/2022 - ultimo módulo cursado - falta só o estágio
32099,UniABCD,05/03/2023,79,3,"R$ 690,00",frequenta
36560,UniABCD,05/04/2023,48,2,"R$ 794,87",nunca frequentou
9044,UniABCD,01/11/2022,203,2,"R$ 608,26", 02/08/2022 - último módulo cursado
7776,UniABCD,01/11/2022,203,2,"R$ 577,44", 18/10/2022 - último módulo cursado
9131,UniABCD,01/11/2022,203,2,"R$ 574,36", 18/08/2022 - último módulo cursado
7759,UniABCD,05/11/2022,199,2,"R$ 460,00",nunca frequentou
36569,UniABCD,01/04/2023,52,2,"R$ 583,00", 07/05/2020 - último módulo cursado
10244,UniABCD,01/11/2022,203,2,"R$ 534,56", 11/11/2022 - último módulo cursado
36572,UniABCD,05/04/2023,48,2,"R$ 815,16",nunca frequentou
36573,UniABCD,05/04/2023,48,2,"R$ 560,36",nunca frequentou
36574,UniABCD,05/04/2023,48,2,"R$ 560,36",nunca frequentou
36578,UniABCD,05/04/2023,48,2,"R$ 503,16", 23/03/2023 - último módulo cursado
36580,UniABCD,05/04/2023,48,2,"R$ 774,58",nunca frequentou
8716,UniABCD,01/11/2022,203,2,"R$ 608,26", 23/08/2022 - último módulo cursado
10280,UniABCD,01/11/2022,203,2,"R$ 534,56",formado
9361,UniABCD,01/11/2022,203,2,"R$ 724,88", 23/08/2022 - último módulo cursado
36586,UniABCD,01/04/2023,52,2,"R$ 604,96", 10/07/2020 - último módulo cursado
7726,UniABCD,05/11/2022,199,2,"R$ 559,86",28/10/2022 - último módulo cursado
8064,UniABCD,01/11/2022,203,2,"R$ 534,56", 12/12/2022 - último módulo cursado
36590,UniABCD,05/04/2023,48,2,"R$ 450,00",nunca frequentou
8986,UniABCD,01/11/2022,203,2,"R$ 572,72", 21/06/2022 - último módulo cursado
9168,UniABCD,01/11/2022,203,2,"R$ 542,88", 13/10/2022 - último módulo cursado
8560,UniABCD,05/11/2022,199,2,"R$ 455,50",nunca frequentou
36592,UniABCD,05/04/2023,48,2,"R$ 500,00",nunca frequentou
8497,UniABCD,05/11/2022,199,2,"R$ 408,00", 02/09/2022 - último módulo cursado
31848,UniABCD,05/04/2023,48,2,"R$ 503,16", 16/03/2023 - último módulo cursado
8212,UniABCD,05/11/2022,199,2,"R$ 559,86",nunca frequentou
36598,UniABCD,05/04/2023,48,2,"R$ 560,36",nunca frequentou
8652,UniABCD,01/11/2022,203,2,"R$ 604,96", 21/09/2022 - último módulo cursado
36599,UniABCD,05/04/2023,48,2,"R$ 560,36",frequenta
7696,UniABCD,01/11/2022,203,2,"R$ 603,20", 13/10/2022 - último módulo cursado
36608,UniABCD,05/04/2023,48,2,"R$ 815,16",nunca frequentou
36610,UniABCD,05/04/2023,48,2,"R$ 774,58",nunca frequentou
7441,UniABCD,01/11/2022,203,2,"R$ 604,96", 05/10/2022 - último módulo cursado
36614,UniABCD,05/04/2023,48,2,"R$ 460,00", 24/04/2023 - último módulo cursado
36617,UniABCD,05/04/2023,48,2,"R$ 589,66",frequenta
36618,UniABCD,01/04/2023,52,2,"R$ 583,00", 29/06/2020 - último módulo cursado
18025,UniABCD,01/01/2023,142,2,"R$ 536,08",Formado 
7610,UniABCD,01/11/2022,203,2,"R$ 531,24", 08/08/2022 - último módulo cursado
36622,UniABCD,05/04/2023,48,2,"R$ 560,36",nunca frequentou
31870,UniABCD,05/04/2023,48,2,"R$ 774,58",nunca frequentou
36626,UniABCD,05/04/2023,48,2,"R$ 560,36",nunca frequentou
8795,UniABCD,05/12/2022,169,2,"R$ 585,86",formado
36628,UniABCD,05/04/2023,48,2,"R$ 589,66",nunca frequentou
36629,UniABCD,05/04/2023,48,2,"R$ 560,36",nunca frequentou
36630,UniABCD,05/04/2023,48,2,"R$ 815,16",nunca frequentou
21253,UniABCD,05/02/2023,107,2,"R$ 589,16",nunca frequentou
36631,UniABCD,05/04/2023,48,2,"R$ 815,16",nunca frequentou
31875,UniABCD,05/04/2023,48,2,"R$ 589,66", 15/03/2023 - último módulo cursado
36634,UniABCD,01/04/2023,52,2,"R$ 534,56", 09/04/2019 - último módulo cursado
8640,UniABCD,05/11/2022,199,2,"R$ 559,86",28/10/2022 - último módulo cursado
8649,UniABCD,01/11/2022,203,2,"R$ 534,56", 28/07/2022 - último módulo cursado
8056,UniABCD,01/11/2022,203,2,"R$ 546,26", 28/07/2022 - último módulo cursado
36637,UniABCD,05/04/2023,48,2,"R$ 550,94", 08/05/2023 - último módulo cursado
8714,UniABCD,01/11/2022,203,2,"R$ 616,66",nunca frequentou
9680,UniABCD,01/11/2022,203,2,"R$ 534,56", 10/05/2022 - último módulo cursado
36642,UniABCD,05/04/2023,48,2,"R$ 560,36", 16/05/2023 - último módulo cursado 
7746,UniABCD,05/11/2022,199,2,"R$ 408,00", 05/10/2022 - último módulo cursado
36651,UniABCD,05/04/2023,48,2,"R$ 503,16",nunca frequentou
31885,UniABCD,05/04/2023,48,2,"R$ 560,36",nunca frequentou
8538,UniABCD,01/11/2022,203,2,"R$ 546,26", 02/09/2022 - último módulo cursado
8311,UniABCD,05/11/2022,199,2,"R$ 524,22", 30/11/2022 - último módulo cursado 
7904,UniABCD,01/11/2022,203,2,"R$ 603,20", 10/01/2023 - último módulo cursado
10183,UniABCD,01/11/2022,203,2,"R$ 536,08",24/05/2022 - último módulo cursado
31003,UniABCD,05/04/2023,48,2,"R$ 560,36",nunca frequentou
9373,UniABCD,01/11/2022,203,2,"R$ 517,00", 18/02/2022 - último módulo cursado
36666,UniABCD,05/04/2023,48,2,"R$ 560,36",26/05/2023 - último módulo cursado
9898,UniABCD,01/11/2022,203,2,"R$ 774,50", 16/03/2022 - último módulo cursado
36669,UniABCD,05/04/2023,48,2,"R$ 815,16",nunca frequentou
36670,UniABCD,05/04/2023,48,2,"R$ 500,00",nunca frequentou
8429,UniABCD,01/11/2022,203,2,"R$ 585,30",nunca frequentou
8808,UniABCD,01/03/2023,83,2,"R$ 583,00", 14/07/2022 - último módulo cursado
7634,UniABCD,01/11/2022,203,2,"R$ 534,56", 08/08/2022 - último módulo cursado
9643,UniABCD,01/11/2022,203,2,"R$ 534,56", 29/08/2022 - último módulo cursado
7418,UniABCD,01/11/2022,203,2,"R$ 616,66", 02/12/2022 - último módulo cursado
10564,UniABCD,01/11/2022,203,2,"R$ 603,20", 02/08/2022 - último módulo cursado
8425,UniABCD,01/11/2022,203,2,"R$ 572,72", 11/08/2022 - último módulo cursado
36687,UniABCD,05/04/2023,48,2,"R$ 560,36",nunca frequentou
9619,UniABCD,01/11/2022,203,2,"R$ 577,44", 02/09/2022 - último módulo cursado
10464,UniABCD,05/11/2022,199,2,"R$ 559,86", 28/10/2022 - último módulo cursado
36693,UniABCD,05/04/2023,48,2,"R$ 774,58",nunca frequentou
9757,UniABCD,01/11/2022,203,2,"R$ 577,44", 09/06/2022 - último módulo cursado
9985,UniABCD,05/11/2022,199,2,"R$ 559,86",nunca frequentou
31086,UniABCD,05/04/2023,48,2,"R$ 560,36",nunca frequentou
36697,UniABCD,05/04/2023,48,2,"R$ 560,36",nunca frequentou
36702,UniABCD,05/04/2023,48,2,"R$ 503,16",nunca frequentou
36704,UniABCD,05/04/2023,48,2,"R$ 524,70",frequenta
36709,UniABCD,05/04/2023,48,2,"R$ 589,66",nunca frequentou
10032,UniABCD,05/11/2022,199,2,"R$ 408,00",nunca frequentou
31958,UniABCD,05/03/2023,79,2,"R$ 774,58",nunca frequentou
36722,UniABCD,05/04/2023,48,2,"R$ 589,66",nunca frequentou
36723,UniABCD,05/04/2023,48,2,"R$ 815,16",nunca frequentou
9046,UniABCD,01/11/2022,203,2,"R$ 603,20", 23/03/2022 - último módulo cursado
9923,UniABCD,01/11/2022,203,2,"R$ 603,20", 13/10/2022 - último módulo cursado
36725,UniABCD,05/04/2023,48,2,"R$ 560,36",nunca frequentou
31137,UniABCD,05/04/2023,48,2,"R$ 560,36", 03/05/2023 - último módulo cursado
9021,UniABCD,01/11/2022,203,2,"R$ 577,44", 01/08/2022 - último módulo cursado
39127,UniABCD,05/05/2023,18,2,"R$ 589,66",nunca frequentou
9749,UniABCD,01/11/2022,203,2,"R$ 534,56", 25/03/2021 - último módulo cursado
36737,UniABCD,05/04/2023,48,2,"R$ 815,16",nunca frequentou
9031,UniABCD,05/11/2022,199,2,"R$ 446,00",23/08/2022 - último módulo cursado
36740,UniABCD,05/04/2023,48,2,"R$ 560,36",nunca frequentou
8437,UniABCD,05/11/2022,199,2,"R$ 408,00",nunca frequentou
9593,UniABCD,01/11/2022,203,2,"R$ 603,20", 20/07/2022 - último módulo cursado
36747,UniABCD,05/04/2023,48,2,"R$ 560,36",nunca frequentou
36749,UniABCD,05/04/2023,48,2,"R$ 589,66",nunca frequentou
36752,UniABCD,05/04/2023,48,2,"R$ 524,70",frequenta
9662,UniABCD,01/11/2022,203,2,"R$ 616,66", 13/07/2022 - últimlo módulo cursado
36754,UniABCD,05/04/2023,48,2,"R$ 450,00",nunca frequentou
36755,UniABCD,05/04/2023,48,2,"R$ 550,94",nunca frequentou
36756,UniABCD,01/04/2023,52,2,"R$ 517,00", 18/05/2022 - último módulo cursado
36758,UniABCD,05/04/2023,48,2,"R$ 560,36",nunca frequentou
8472,UniABCD,01/11/2022,203,2,"R$ 616,66", 03/10/2022 - último estágio cursado
36764,UniABCD,05/04/2023,48,2,"R$ 815,16",nunca frequentou
9689,UniABCD,01/11/2022,203,2,"R$ 534,56", 18/10/2021 - último estágio cursado
36768,UniABCD,16/12/2022,158,2,"R$ 400,00",nunca frequentou
36771,UniABCD,05/04/2023,48,2,"R$ 815,16", 24/05/2023 - último módulo cursado
10572,UniABCD,01/11/2022,203,2,"R$ 534,56", 18/03/2022 - último módulo cursado
36772,UniABCD,05/04/2023,48,2,"R$ 550,94", 08/05/2023 - último módulo cursado
,,,,,,
36778,UniABCD,01/04/2023,52,2,"R$ 589,66",frequenta
36781,UniABCD,05/04/2023,48,2,"R$ 450,00",nunca frequentou
36784,UniABCD,05/04/2023,48,2,"R$ 500,00",frequenta
36786,UniABCD,05/04/2023,48,2,"R$ 560,36",nunca frequentou
7398,UniABCD,01/11/2022,203,2,"R$ 534,56", 09/09/2022 - último módulo cursado
36787,UniABCD,05/04/2023,48,2,"R$ 460,00",nunca frequentou
36788,UniABCD,05/04/2023,48,2,"R$ 450,00",nunca frequentou
8407,UniABCD,05/11/2022,199,2,"R$ 524,22",29/09/2022 -  último módulo cursado
36796,UniABCD,05/04/2023,48,2,"R$ 589,66",nunca frequentou
9491,UniABCD,01/11/2022,203,2,"R$ 534,56",formado
36799,UniABCD,05/04/2023,48,2,"R$ 560,36",nunca frequentou
8118,UniABCD,05/04/2023,48,2,"R$ 589,66",frequenta
36801,UniABCD,01/04/2023,52,2,"R$ 589,16", 27/04/2022 - último módulo cursado
10271,UniABCD,05/11/2022,199,2,"R$ 520,00", 05/04/2023 - último módulo cursado
36804,UniABCD,01/04/2023,52,2,"R$ 603,20",frequenta
8926,UniABCD,01/11/2022,203,2,"R$ 517,00", 03/10/2022 - último estágio cursado
7639,UniABCD,01/11/2022,203,2,"R$ 808,50", 28/04/2022 - último módulo cursado
36812,UniABCD,05/04/2023,48,2,"R$ 560,36",nunca frequentou
,,,,,,
39221,UniABCD,05/05/2023,18,1,"R$ 294,83",15/05/2023 - último módulo cursado
,,,,,,
8885,UniABCD,01/11/2022,203,1,"R$ 267,28",30/06/2022 - último módulo cursado
,,,,,,
39095,UniABCD,05/05/2023,18,1,"R$ 280,18", 16/05/2023 - último módulo cursado
39379,UniABCD,05/05/2023,18,1,"R$ 298,00",nunca frequentou
9019,UniABCD,01/11/2022,203,1,"R$ 404,25",06/02/2020 - último módulo cursado
8506,UniABCD,01/11/2022,203,1,"R$ 301,60",formado
39380,UniABCD,05/05/2023,18,1,"R$ 280,18",nunca frequentou
39190,UniABCD,05/05/2023,18,1,"R$ 294,83",nunca frequentou
,,,,,,
9862,UniABCD,01/11/2022,203,1,"R$ 258,50",frequenta
39156,UniABCD,01/05/2023,22,1,"R$ 291,50",fazendo disciplinas pendentes
39283,UniABCD,05/05/2023,18,1,"R$ 230,00",nunca frequentou
,,,,,,
39139,UniABCD,20/05/2023,3,1,"R$ 278,28",nunca frequentou
39218,UniABCD,05/05/2023,18,1,"R$ 294,83",19/04/2023 - último módulo cursado
39383,UniABCD,05/05/2023,18,1,"R$ 280,18",nunca frequentou
39137,UniABCD,05/05/2023,18,1,"R$ 407,58",frequenta
39386,UniABCD,05/05/2023,18,1,"R$ 387,29",nunca frequentou
21074,UniABCD,14/02/2023,98,1,"R$ 278,28",formado
39151,UniABCD,05/05/2023,18,1,"R$ 262,35",nunca frequentou
39382,UniABCD,05/05/2023,18,1,"R$ 230,00",nunca frequentou
39145,UniABCD,05/05/2023,18,1,"R$ 250,00",24/05/2023 - último módulo cursado
39388,UniABCD,05/05/2023,18,1,"R$ 264,65",nunca frequentou
39229,UniABCD,05/05/2023,18,1,"R$ 294,83",nunca frequentou
39110,UniABCD,01/05/2023,22,1,"R$ 294,83",frequenta
10368,UniABCD,01/11/2022,203,1,"R$ 267,28",formado
39100,UniABCD,01/05/2023,22,1,"R$ 267,28",22/10/2021 - últimi módulo cursado
36609,UniABCD,05/04/2023,48,1,"R$ 280,18",nunca frequentou
39392,UniABCD,05/05/2023,18,1,"R$ 294,83",frequenta
,,,,,,
39393,UniABCD,05/05/2023,18,1,"R$ 280,18",nunca frequentou
39395,UniABCD,05/05/2023,18,1,"R$ 264,65",nunca frequentou
36615,UniABCD,05/04/2023,48,1,"R$ 280,18",nunca frequentou
39092,UniABCD,09/05/2023,14,1,"R$ 325,20", 15/06/2022 - último módulo cursado
39398,UniABCD,05/05/2023,18,1,"R$ 280,18",nunca frequentou
,,,,,,
39400,UniABCD,05/05/2023,18,1,"R$ 387,29",frequenta
39402,UniABCD,05/05/2023,18,1,"R$ 387,29",frequenta
39161,UniABCD,05/05/2023,18,1,"R$ 294,83",15/05/2023 - último módulo cursado
39403,UniABCD,05/05/2023,18,1,"R$ 264,65",nunca frequentou
39404,UniABCD,05/05/2023,18,1,"R$ 280,18",nunca frequentou
39147,UniABCD,05/05/2023,18,1,"R$ 294,83",25/06/2019 - último módulo cursado
39405,UniABCD,05/05/2023,18,1,"R$ 280,18",nunca frequentou
39481,UniABCD,05/05/2023,18,1,"R$ 278,28",nunca frequentou
21198,UniABCD,05/02/2023,107,1,"R$ 279,93", 07/03/2023 - último módulo cursado
39117,UniABCD,01/05/2023,22,1,"R$ 258,50",nunca frequentou
39406,UniABCD,05/05/2023,18,1,"R$ 292,93",nunca frequentou
9380,UniABCD,01/11/2022,203,1,"R$ 301,60",20/09/2022 - último módulo cursado
,,,,,,
39407,UniABCD,05/05/2023,18,1,"R$ 280,18",nunca frequentou
,,,,,,
8050,UniABCD,01/11/2022,203,1,"R$ 267,28",formado
9565,UniABCD,01/11/2022,203,1,"R$ 292,93", 12/04/2022 - último módulo cursado
39660,UniABCD,05/05/2023,18,1,"R$ 230,00", 08/05/2023 - último módulo cursado
39409,UniABCD,05/05/2023,18,1,"R$ 280,18",nunca frequentou
39158,UniABCD,01/05/2023,22,1,"R$ 268,04",em conclusão
39125,UniABCD,05/05/2023,18,1,"R$ 230,00",frequenta
,,,,,,
10147,UniABCD,01/11/2022,203,1,"R$ 252,96",11/08/2022 - último estágio curso
36656,UniABCD,05/04/2023,48,1,"R$ 280,18",nunca frequentou
,,,,,,
39418,UniABCD,05/05/2023,18,1,"R$ 280,18",nunca frequentou
18036,UniABCD,09/01/2023,134,1,"R$ 278,28",nunca frequentou
39415,UniABCD,05/05/2023,18,1,"R$ 230,00",nunca frequentou
,,,,,,
39162,UniABCD,05/05/2023,18,1,"R$ 250,00",24/05/2023 - último módulo cursado
21255,UniABCD,09/02/2023,103,1,"R$ 292,93",nunca frequentou
,,,,,,
39417,UniABCD,05/05/2023,18,1,"R$ 264,65",nunca frequentou
39256,UniABCD,05/05/2023,18,1,"R$ 294,83",05/04/2023 - último módulo cursado
36671,UniABCD,05/04/2023,48,1,"R$ 275,47",nunca frequentou
39202,UniABCD,05/05/2023,18,1,"R$ 294,83",nunca frequentou
39237,UniABCD,05/05/2023,18,1,"R$ 294,83",16/05/2023 - último módulo cursado
39276,UniABCD,05/05/2023,18,1,"R$ 230,00", 11/05/2023 - último módulo cursado
36682,UniABCD,05/04/2023,48,1,"R$ 280,18",nunca frequentou
21165,UniABCD,05/02/2023,107,1,"R$ 262,11",nunca frequentou
39102,UniABCD,05/05/2023,18,1,"R$ 280,18",nunca frequentou
39433,UniABCD,05/05/2023,18,1,"R$ 230,00",nunca frequentou
39425,UniABCD,05/05/2023,18,1,"R$ 230,00",nunca frequentou
36691,UniABCD,01/04/2023,52,1,"R$ 294,83",frequenta
39426,UniABCD,05/05/2023,18,1,"R$ 387,29",nunca frequentou
39427,UniABCD,05/05/2023,18,1,"R$ 280,18",nunca frequentou
39178,UniABCD,05/05/2023,18,1,"R$ 280,18",frequenta
36694,UniABCD,05/04/2023,48,1,"R$ 280,18",nunca frequentou
39438,UniABCD,05/05/2023,18,1,"R$ 298,00",nunca frequentou
39429,UniABCD,05/05/2023,18,1,"R$ 280,18",nunca frequentou
39431,UniABCD,05/05/2023,18,1,"R$ 230,00",nunca frequentou
39432,UniABCD,05/05/2023,18,1,"R$ 230,00",nunca frequentou
39434,UniABCD,05/05/2023,18,1,"R$ 294,83",frequenta
39226,UniABCD,05/05/2023,18,1,"R$ 294,83",25/05/2023 - último módulo cursado 
39435,UniABCD,05/05/2023,18,1,"R$ 264,65",nunca frequentou
39301,UniABCD,05/05/2023,18,1,"R$ 294,83",frequenta
39437,UniABCD,05/05/2023,18,1,"R$ 280,18",nunca frequentou
39244,UniABCD,05/05/2023,18,1,"R$ 294,83",nunca frequentou
39114,UniABCD,05/05/2023,18,1,"R$ 262,35",nunca frequentou
,,,,,,
39115,UniABCD,05/05/2023,18,1,"R$ 262,35",nunca frequentou
,,,,,,
39672,UniABCD,05/05/2023,18,1,"R$ 280,18",frequenta
,,,,,,
36714,UniABCD,01/04/2023,52,1,"R$ 294,83", 13/05/2019 - último estágio cursado
7719,UniABCD,01/05/2023,22,1,"R$ 294,83",frequenta
31953,UniABCD,05/03/2023,79,1,"R$ 280,18",nunca frequentou
39206,UniABCD,05/05/2023,18,1,"R$ 294,83",15/05/2023 - último módulo cursado
39146,UniABCD,05/05/2023,18,1,"R$ 407,58",nunca frequentou
39200,UniABCD,05/05/2023,18,1,"R$ 294,83",nunca frequentou
36721,UniABCD,05/04/2023,48,1,"R$ 280,18",nunca frequentou
39132,UniABCD,05/05/2023,18,1,"R$ 250,00",nunca frequentou
,,,,,,
8642,UniABCD,01/11/2022,203,1,"R$ 258,50",nunca frequentou
39445,UniABCD,05/05/2023,18,1,"R$ 280,18",nunca frequentou
,,,,,,
,,,,,,
39103,UniABCD,05/05/2023,18,1,"R$ 280,18",nunca frequentou
39238,UniABCD,05/05/2023,18,1,"R$ 294,83",nunca frequentou
39111,UniABCD,01/05/2023,22,1,"R$ 258,50",nunca frequentou
39182,UniABCD,05/05/2023,18,1,"R$ 280,18",nunca frequentou
39164,UniABCD,05/05/2023,18,1,"R$ 280,18",nunca frequentou
39662,UniABCD,05/05/2023,18,1,"R$ 280,18",frequenta
,,,,,,
39448,UniABCD,05/05/2023,18,1,"R$ 298,00",frequenta
,,,,,,
39099,UniABCD,01/05/2023,22,1,"R$ 230,00",nunca frequentou
39207,UniABCD,05/05/2023,18,1,"R$ 280,18",frequenta
31177,UniABCD,05/03/2023,79,1,"R$ 294,83",16/03/2023 - último módulo cursado
39170,UniABCD,05/05/2023,18,1,"R$ 280,18",nunca frequentou
39454,UniABCD,05/05/2023,18,1,"R$ 251,58",nunca frequentou
39308,UniABCD,05/05/2023,18,1,"R$ 280,18", 19/04/2023 - último módulo cursado
21152,UniABCD,05/02/2023,107,1,"R$ 294,58",nunca frequentou
39455,UniABCD,05/05/2023,18,1,"R$ 264,65",nunca frequentou
39671,UniABCD,05/05/2023,18,1,"R$ 294,83",frequenta
11561,UniABCD,01/05/2023,22,1,"R$ 503,51", 29/04/2021 - último módulo cursado/rescisão de contrato
39323,UniABCD,05/05/2023, ,1,"R$ 230,00",11/05/2023 - último módulo cursado
39458,UniABCD,05/05/2023,18,1,"R$ 264,65",nunca frequentou
7601,UniABCD,01/11/2022,203,1,"R$ 258,50",frequenta
39313,UniABCD,05/05/2023,18,1,"R$ 387,29",31/05/2023 - último módulo cursado
10580,UniABCD,01/11/2022,203,1,"R$ 267,28",formado
39461,UniABCD,05/05/2023,18,1,"R$ 294,83",nunca frequentou
39007,UniABCD,05/05/2023,18,1,"R$ 251,58",frequenta
7781,UniABCD,01/11/2022,203,1,"R$ 267,28",30/06/2022 - último módulo cursado
39224,UniABCD,05/05/2023,18,1,"R$ 294,83",nunca frequentou
39466,UniABCD,05/05/2023,18,1,"R$ 294,83",frequenta
39317,UniABCD,05/05/2023,18,1,"R$ 294,83",frequenta
39088,UniABCD,05/05/2023,18,1,"R$ 387,29",nunca frequentou
39230,UniABCD,05/05/2023,18,1,"R$ 294,83",nunca frequentou
39470,UniABCD,05/05/2023,18,1,"R$ 298,00",nunca frequentou
39123,UniABCD,05/05/2023,18,1,"R$ 230,00",nunca frequentou
39121,UniABCD,05/05/2023,18,1,"R$ 280,18",frequenta
8492,UniABCD,01/11/2022,203,1,"R$ 420,13", 20/09/2022 - último estágio cursado
39473,UniABCD,05/05/2023,18,1,"R$ 280,18",frequenta
39254,UniABCD,05/05/2023,18,1,"R$ 250,00",08/05/2023 - último módulo cursado
7712,UniABCD,01/11/2022,203,1,"R$ 267,28",formado
39252,UniABCD,11/05/2023,12,1,"R$ 292,93", 23/11/2020 - último estágio cursado
8079,UniABCD,01/11/2022,203,1,"R$ 267,28",formado
39198,UniABCD,05/05/2023,18,1,"R$ 294,83",frequenta
7706,UniABCD,05/11/2022,199,1,"R$ 294,58",nunca frequentou
,,,,,,
39247,UniABCD,05/05/2023,18,1,"R$ 294,83",frequenta
39477,UniABCD,05/05/2023,18,1,"R$ 292,93",nunca frequentou
39199,UniABCD,05/05/2023,18,1,"R$ 294,83",nunca frequentou
39242,UniABCD,05/05/2023,18,1,"R$ 294,83",nunca frequentou
39479,UniABCD,05/05/2023,18,1,"R$ 298,00",nunca frequentou
39235,UniABCD,05/05/2023,18,1,"R$ 294,83",nunca frequentou
39087,UniABCD,01/05/2023,22,1,"R$ 280,18",29/09/2020 - último módulo frequentado